Preparing worktree (detached HEAD 6703302)
HEAD is now at 6703302 perf(prb): stream candidate versions and reduce stats per chunk
22-bookworm: Pulling from library/node
Digest: sha256:363e1587494626837fa7f9a23bdb453d13b0ff3c67c705c2805cfc69c2d2fad7
Status: Image is up to date for node:22-bookworm
docker.io/library/node:22-bookworm
16.14-alpine: Pulling from library/postgres
Digest: sha256:57c72fd2a128e416c7fcc499958864df5301e940bca0a56f58fddf30ffc07777
Status: Image is up to date for postgres:16.14-alpine
docker.io/library/postgres:16.14-alpine

added 106 packages, and audited 107 packages in 9s

34 packages are looking for funding
  run `npm fund` for details

1 moderate severity vulnerability

To address all issues, run:
  npm audit fix

Run `npm audit` for details.
npm notice
npm notice New major version of npm available! 10.9.9 -> 12.1.0
npm notice Changelog: https://github.com/npm/cli/releases/tag/v12.1.0
npm notice To update run: npm install -g npm@12.1.0
npm notice

> 5151@1.0.0 test:pg
> node v3/scripts/pg-integration-setup.mjs && bash v3/scripts/run-pg-integration.sh

(node:22) ExperimentalWarning: SQLite is an experimental feature and might change at any time
(Use `node --trace-warnings ...` to show where the warning was created)
[search] listing_search_projection 已與 listings 對齊，訪客搜尋使用 SQL-first
PG-SCHEMA {"statements":97,"tables":97,"rows":79,"sequences":73}
PG-INDEXES {"created":132,"skippedTables":["listings"]}
[pg] 執行 25 個整合測試檔
TAP version 13
# (node:45) ExperimentalWarning: SQLite is an experimental feature and might change at any time
# (Use `node --trace-warnings ...` to show where the warning was created)
# Subtest: sqlite 模式：budgetStore 與同步函式走出同一串結果
ok 1 - sqlite 模式：budgetStore 與同步函式走出同一串結果
  ---
  duration_ms: 147.246044
  type: 'test'
  ...
# Subtest: postgres 路徑（離線 exec）與 sqlite 路徑的步驟紀錄完全相同
ok 2 - postgres 路徑（離線 exec）與 sqlite 路徑的步驟紀錄完全相同
  ---
  duration_ms: 212.430087
  type: 'test'
  ...
# Subtest: live：預算 store 在 PostgreSQL 上真的保留、結算、釋放
ok 3 - live：預算 store 在 PostgreSQL 上真的保留、結算、釋放
  ---
  duration_ms: 501.286953
  type: 'test'
  ...
# [search] listing_search_projection 已與 listings 對齊，訪客搜尋使用 SQL-first
# (node:57) ExperimentalWarning: SQLite is an experimental feature and might change at any time
# (Use `node --trace-warnings ...` to show where the warning was created)
# Subtest: the crawler reads go through the driver-aware entry point
ok 4 - the crawler reads go through the driver-aware entry point
  ---
  duration_ms: 1942.061487
  type: 'test'
  ...
# Subtest: the backfill scans find the fixture's work on the sqlite driver
ok 5 - the backfill scans find the fixture's work on the sqlite driver
  ---
  duration_ms: 13.735516
  type: 'test'
  ...
# [search] listing_search_projection 已與 listings 對齊，訪客搜尋使用 SQL-first
# Subtest: live PostgreSQL: the crawler reads match SQLite, and a PostgreSQL write is readable back
    # Subtest: existing row and fingerprint lookup
    ok 1 - existing row and fingerprint lookup
      ---
      duration_ms: 956.177999
      type: 'test'
      ...
    # Subtest: the offline sweep scans match
    ok 2 - the offline sweep scans match
      ---
      duration_ms: 585.095522
      type: 'test'
      ...
    # Subtest: the backfill scans match
    ok 3 - the backfill scans match
      ---
      duration_ms: 669.372734
      type: 'test'
      ...
    # Subtest: match candidates match on both paths
    ok 4 - match candidates match on both paths
      ---
      duration_ms: 607.701031
      type: 'test'
      ...
    # Subtest: a listing written through PostgreSQL is readable back
    ok 5 - a listing written through PostgreSQL is readable back
      ---
      duration_ms: 735.205993
      type: 'test'
      ...
    1..5
ok 6 - live PostgreSQL: the crawler reads match SQLite, and a PostgreSQL write is readable back
  ---
  duration_ms: 3561.57119
  type: 'test'
  ...
# (node:69) ExperimentalWarning: SQLite is an experimental feature and might change at any time
# (Use `node --trace-warnings ...` to show where the warning was created)
# Subtest: sqlite 模式：async 入口與原本的同步函式輸出完全相同
ok 7 - sqlite 模式：async 入口與原本的同步函式輸出完全相同
  ---
  duration_ms: 57.605171
  type: 'test'
  ...
# Subtest: postgres 路徑（離線 exec）給出與 sqlite 相同的 payload
ok 8 - postgres 路徑（離線 exec）給出與 sqlite 相同的 payload
  ---
  duration_ms: 54.151034
  type: 'test'
  ...
# Subtest: postgres 路徑：搜尋與標籤都要與 sqlite 相同
ok 9 - postgres 路徑：搜尋與標籤都要與 sqlite 相同
  ---
  duration_ms: 47.29751
  type: 'test'
  ...
# Subtest: postgres 路徑：CRM 關閉時 module 的旗標與 sqlite 相同
ok 10 - postgres 路徑：CRM 關閉時 module 的旗標與 sqlite 相同
  ---
  duration_ms: 47.725113
  type: 'test'
  ...
# Subtest: postgres 路徑：找不到聯絡人時的行為與 sqlite 相同
ok 11 - postgres 路徑：找不到聯絡人時的行為與 sqlite 相同
  ---
  duration_ms: 47.176563
  type: 'test'
  ...
# Subtest: live shadow PostgreSQL：同一組 CRM 讀取斷言
ok 12 - live shadow PostgreSQL：同一組 CRM 讀取斷言
  ---
  duration_ms: 339.398536
  type: 'test'
  ...
# Subtest: 第二段：七個寫入動作在兩個 driver 給出相同結果
ok 13 - 第二段：七個寫入動作在兩個 driver 給出相同結果
  ---
  duration_ms: 206.362849
  type: 'test'
  ...
# Subtest: 第二段：CRM 關閉時寫入會被擋下（兩邊一致）
ok 14 - 第二段：CRM 關閉時寫入會被擋下（兩邊一致）
  ---
  duration_ms: 43.843858
  type: 'test'
  ...
# Subtest: 第二段：同步開啟時，寫入會把快照寫進 crm_outbox（PG 也一樣）
ok 15 - 第二段：同步開啟時，寫入會把快照寫進 crm_outbox（PG 也一樣）
  ---
  duration_ms: 103.663649
  type: 'test'
  ...
# Subtest: 第二段：crm_outbox 的 claim／sent／failure／stats 在兩個 driver 一致
ok 16 - 第二段：crm_outbox 的 claim／sent／failure／stats 在兩個 driver 一致
  ---
  duration_ms: 100.678109
  type: 'test'
  ...
# Subtest: 第二段：deliverCrmOutboxOnce 走 ops 時，成功與失敗的標記與 sqlite 相同
ok 17 - 第二段：deliverCrmOutboxOnce 走 ops 時，成功與失敗的標記與 sqlite 相同
  ---
  duration_ms: 135.283368
  type: 'test'
  ...
# Subtest: 第二段：投遞控制（停止旗標與統計）在 PostgreSQL 也讀得到
ok 18 - 第二段：投遞控制（停止旗標與統計）在 PostgreSQL 也讀得到
  ---
  duration_ms: 81.412768
  type: 'test'
  ...
# [search] listing_search_projection 已與 listings 對齊，訪客搜尋使用 SQL-first
# Subtest: live：影子站的 crm_outbox 可以搶到工作（rowCount 正確）
ok 19 - live：影子站的 crm_outbox 可以搶到工作（rowCount 正確）
  ---
  duration_ms: 142.951668
  type: 'test'
  ...
# (node:81) ExperimentalWarning: SQLite is an experimental feature and might change at any time
# (Use `node --trace-warnings ...` to show where the warning was created)
# Subtest: decoration data loaders read the SQLite fixture
ok 20 - decoration data loaders read the SQLite fixture
  ---
  duration_ms: 22.298799
  type: 'test'
  ...
# Subtest: the loader memoises one read per user and per id set
ok 21 - the loader memoises one read per user and per id set
  ---
  duration_ms: 10.508258
  type: 'test'
  ...
# Subtest: PostgreSQL returns the same decoration data as SQLite
ok 22 - PostgreSQL returns the same decoration data as SQLite
  ---
  duration_ms: 1482.037106
  type: 'test'
  ...
# (node:92) ExperimentalWarning: SQLite is an experimental feature and might change at any time
# (Use `node --trace-warnings ...` to show where the warning was created)
# Subtest: job 佇列：SQLite 路徑的行為（離線基準）
ok 23 - job 佇列：SQLite 路徑的行為（離線基準）
  ---
  duration_ms: 22.866728
  type: 'test'
  ...
# Subtest: job 佇列：SQLite 佇列介面與原本的同步函式等價
ok 24 - job 佇列：SQLite 佇列介面與原本的同步函式等價
  ---
  duration_ms: 24.214919
  type: 'test'
  ...
# Subtest: live：PostgreSQL 佇列可以排入、搶到、完成、失敗與回收
ok 25 - live：PostgreSQL 佇列可以排入、搶到、完成、失敗與回收
  ---
  duration_ms: 388.158225
  type: 'test'
  ...
# Subtest: PG enqueue uses the supplied clock for immediate availability and honors explicit scheduling
ok 26 - PG enqueue uses the supplied clock for immediate availability and honors explicit scheduling
  ---
  duration_ms: 7.572105
  type: 'test'
  ...
# [search] listing_search_projection 已與 listings 對齊，訪客搜尋使用 SQL-first
# (node:104) ExperimentalWarning: SQLite is an experimental feature and might change at any time
# (Use `node --trace-warnings ...` to show where the warning was created)
# Subtest: detail reads go through the driver-aware entry point
ok 27 - detail reads go through the driver-aware entry point
  ---
  duration_ms: 1534.743016
  type: 'test'
  ...
# [search] listing_search_projection 已與 listings 對齊，訪客搜尋使用 SQL-first
# Subtest: live PostgreSQL: the detail read matches the SQLite read
    # Subtest: member detail for every shape
    ok 1 - member detail for every shape
      ---
      duration_ms: 879.901948
      type: 'test'
      ...
    # Subtest: sameHouse:false (the crawler's read) still matches
    ok 2 - sameHouse:false (the crawler's read) still matches
      ---
      duration_ms: 551.138949
      type: 'test'
      ...
    1..2
ok 28 - live PostgreSQL: the detail read matches the SQLite read
  ---
  duration_ms: 1436.225256
  type: 'test'
  ...
# (node:116) ExperimentalWarning: SQLite is an experimental feature and might change at any time
# (Use `node --trace-warnings ...` to show where the warning was created)
# Subtest: sqlite 模式：async 入口與同步函式輸出完全相同
ok 29 - sqlite 模式：async 入口與同步函式輸出完全相同
  ---
  duration_ms: 15.249951
  type: 'test'
  ...
# Subtest: postgres 路徑（離線 exec）給出與 sqlite 相同的統計
ok 30 - postgres 路徑（離線 exec）給出與 sqlite 相同的統計
  ---
  duration_ms: 7.679215
  type: 'test'
  ...
# Subtest: live：影子站上的後台統計可以真的跑完（0 skip 由 PG_TEST_URL 決定）
ok 31 - live：影子站上的後台統計可以真的跑完（0 skip 由 PG_TEST_URL 決定）
  ---
  duration_ms: 331.852122
  type: 'test'
  ...
# Subtest: 寫入路徑：sqlite 模式 async 入口與同步函式做出同一件事
ok 32 - 寫入路徑：sqlite 模式 async 入口與同步函式做出同一件事
  ---
  duration_ms: 68.075676
  type: 'test'
  ...
# Subtest: 寫入路徑：postgres 路徑（離線 exec）與 sqlite 路徑的步驟紀錄完全相同
ok 33 - 寫入路徑：postgres 路徑（離線 exec）與 sqlite 路徑的步驟紀錄完全相同
  ---
  duration_ms: 68.110672
  type: 'test'
  ...
# Subtest: 寫入路徑：PG 路徑的列數判斷用 rowCount（拿不到 rowCount 就不算搶到）
ok 34 - 寫入路徑：PG 路徑的列數判斷用 rowCount（拿不到 rowCount 就不算搶到）
  ---
  duration_ms: 20.463661
  type: 'test'
  ...
# Subtest: 種子查詢：sqlite 與 postgres 路徑挑出同一批候選並產生同一批工作
ok 35 - 種子查詢：sqlite 與 postgres 路徑挑出同一批候選並產生同一批工作
  ---
  duration_ms: 42.786849
  type: 'test'
  ...
# Subtest: 種子查詢：來源停用時不播種（sync 與 async 一致）
ok 36 - 種子查詢：來源停用時不播種（sync 與 async 一致）
  ---
  duration_ms: 20.046098
  type: 'test'
  ...
# [search] listing_search_projection 已與 listings 對齊，訪客搜尋使用 SQL-first
# Subtest: live：PostgreSQL 的寫入路徑可以排入、搶到、收尾、記 metrics 與回收
ok 37 - live：PostgreSQL 的寫入路徑可以排入、搶到、收尾、記 metrics 與回收
  ---
  duration_ms: 357.11129
  type: 'test'
  ...
# Subtest: live：種子查詢在 PG（CI fixture 自建候選）挑得到，且不寫本機 SQLite
ok 38 - live：種子查詢在 PG（CI fixture 自建候選）挑得到，且不寫本機 SQLite
  ---
  duration_ms: 200.028675
  type: 'test'
  ...
# Subtest: live：種子查詢讀的是 PostgreSQL，不是本機 SQLite
ok 39 - live：種子查詢讀的是 PostgreSQL，不是本機 SQLite # SKIP PG_SHADOW_URL is not set（需要匯入正式站資料的影子站；不屬於 CI 必要 gate）
  ---
  duration_ms: 2.108516
  type: 'test'
  ...
# (node:128) ExperimentalWarning: SQLite is an experimental feature and might change at any time
# (Use `node --trace-warnings ...` to show where the warning was created)
# Subtest: the field writes go through the driver-aware entry point
ok 40 - the field writes go through the driver-aware entry point
  ---
  duration_ms: 1552.473325
  type: 'test'
  ...
# [search] listing_search_projection 已與 listings 對齊，訪客搜尋使用 SQL-first
# Subtest: live PostgreSQL: the field writes land in the same store as the reads
    # Subtest: setListingDetail writes the detail columns
    ok 1 - setListingDetail writes the detail columns
      ---
      duration_ms: 1027.138616
      type: 'test'
      ...
    # Subtest: persistHpListingFields writes the 5168 columns and kit
    ok 2 - persistHpListingFields writes the 5168 columns and kit
      ---
      duration_ms: 703.029705
      type: 'test'
      ...
    # Subtest: the MRT and community caches are written where the reads look
    ok 3 - the MRT and community caches are written where the reads look
      ---
      duration_ms: 641.65262
      type: 'test'
      ...
    # Subtest: the 5168 prep row is stored in PostgreSQL
    ok 4 - the 5168 prep row is stored in PostgreSQL
      ---
      duration_ms: 629.146092
      type: 'test'
      ...
    1..4
ok 41 - live PostgreSQL: the field writes land in the same store as the reads
  ---
  duration_ms: 3006.777152
  type: 'test'
  ...
# (node:140) ExperimentalWarning: SQLite is an experimental feature and might change at any time
# (Use `node --trace-warnings ...` to show where the warning was created)
# Subtest: flag existence predicates keep missing, zero, nonbinary, NULL and viewer identity semantics
ok 42 - flag existence predicates keep missing, zero, nonbinary, NULL and viewer identity semantics
  ---
  duration_ms: 21.971955
  type: 'test'
  ...
# Subtest: live PG: production flag predicates match SQLite reference with nonbinary and NULL flags
ok 43 - live PG: production flag predicates match SQLite reference with nonbinary and NULL flags
  ---
  duration_ms: 289.983676
  type: 'test'
  ...
# Subtest: stats numeric normalization preserves the complete conversion and own-field contract
ok 44 - stats numeric normalization preserves the complete conversion and own-field contract
  ---
  duration_ms: 6.737554
  type: 'test'
  ...
# Subtest: candidate prep retains houseprice and unknown peers, all candidates and personal relations
ok 45 - candidate prep retains houseprice and unknown peers, all candidates and personal relations
  ---
  duration_ms: 190.017198
  type: 'test'
  ...
# [search] listing_search_projection 已與 listings 對齊，訪客搜尋使用 SQL-first
# (node:152) ExperimentalWarning: SQLite is an experimental feature and might change at any time
# (Use `node --trace-warnings ...` to show where the warning was created)
# LIVE-ENTRY-KEYS ["listings","totalMatched","hasMore","nextOffset","queryVersion","queryDetails"]
# LIVE-ENTRY-IDS []
# Subtest: live PG：正式入口（不注入 deps）能查真 PG，且連續兩次結果一致
ok 46 - live PG：正式入口（不注入 deps）能查真 PG，且連續兩次結果一致
  ---
  duration_ms: 327.037903
  type: 'test'
  ...
# [search] listing_search_projection 已與 listings 對齊，訪客搜尋使用 SQL-first
# (node:164) ExperimentalWarning: SQLite is an experimental feature and might change at any time
# (Use `node --trace-warnings ...` to show where the warning was created)
# Subtest: nonempty PG provider pipeline decorates cards without any SQLite access, including MRT settings
ok 47 - nonempty PG provider pipeline decorates cards without any SQLite access, including MRT settings
  ---
  duration_ms: 101.945306
  type: 'test'
  ...
# Subtest: SQLite dispatcher: complete projection yields both nonempty pages
ok 48 - SQLite dispatcher: complete projection yields both nonempty pages
  ---
  duration_ms: 81.937012
  type: 'test'
  ...
# PARITY-BASELINE {"engines":["node_pg","node_sqlite","sql_first"],"ids":[1,2,3],"sqliteAttempts":0}
# Subtest: live PG: canonical fields, Node reference and SQLite dispatcher agree across both pages
ok 49 - live PG: canonical fields, Node reference and SQLite dispatcher agree across both pages
  ---
  duration_ms: 1353.388057
  type: 'test'
  ...
# Subtest: fixed request time changes the expected primary and card bundle independently of wall time
ok 50 - fixed request time changes the expected primary and card bundle independently of wall time
  ---
  duration_ms: 228.477433
  type: 'test'
  ...
# Subtest: reference fixture has explicit expected filters and personal roles
ok 51 - reference fixture has explicit expected filters and personal roles
  ---
  duration_ms: 249.205109
  type: 'test'
  ...
# PARITY-MATRIX {"cases":12,"sqliteAttempts":0}
# Subtest: live PG: relations, viewer/voter identity, filters, extras and time match the Node reference
ok 52 - live PG: relations, viewer/voter identity, filters, extras and time match the Node reference
  ---
  duration_ms: 2162.922682
  type: 'test'
  ...
# Subtest: live PG: commute preloading never warms SQLite
ok 53 - live PG: commute preloading never warms SQLite
  ---
  duration_ms: 1040.654099
  type: 'test'
  ...
# Subtest: live PG: a partner removed by profile filters still determines the shared house primary
ok 54 - live PG: a partner removed by profile filters still determines the shared house primary
  ---
  duration_ms: 989.035622
  type: 'test'
  ...
# Subtest: live PG: missing required schema fails; existing empty tables return a normal empty result
ok 55 - live PG: missing required schema fails; existing empty tables return a normal empty result
  ---
  duration_ms: 992.856579
  type: 'test'
  ...
# Subtest: live PG: complete page and counters use one snapshot; next request sees committed changes
ok 56 - live PG: complete page and counters use one snapshot; next request sees committed changes
  ---
  duration_ms: 1145.383525
  type: 'test'
  ...
# Subtest: live PG: anonymous search preserves guest filters and never reads private flags or SQLite
ok 57 - live PG: anonymous search preserves guest filters and never reads private flags or SQLite
  ---
  duration_ms: 1335.092969
  type: 'test'
  ...
# Subtest: cooperative member processing preserves roles, all sort modes and statistics across chunk boundaries
ok 58 - cooperative member processing preserves roles, all sort modes and statistics across chunk boundaries
  ---
  duration_ms: 717.718151
  type: 'test'
  ...
# Subtest: live PG: batched snapshot reads bind parameters, retain all rows, and recover after failure
ok 59 - live PG: batched snapshot reads bind parameters, retain all rows, and recover after failure
  ---
  duration_ms: 902.711358
  type: 'test'
  ...
# Subtest: SQLite guard records swallowed cached-statement I/O, then restores the statement
ok 60 - SQLite guard records swallowed cached-statement I/O, then restores the statement
  ---
  duration_ms: 40.608308
  type: 'test'
  ...
# (node:176) ExperimentalWarning: SQLite is an experimental feature and might change at any time
# (Use `node --trace-warnings ...` to show where the warning was created)
# Subtest: 第二段：suggestFromNewHashAsync 兩個 driver 寫出等價的建議
ok 61 - 第二段：suggestFromNewHashAsync 兩個 driver 寫出等價的建議
  ---
  duration_ms: 50.00086
  type: 'test'
  ...
# Subtest: 第二段：recordCrawlInsightAsync 把洞察列寫進 PG（provider 以 llmInsight 注入）
ok 62 - 第二段：recordCrawlInsightAsync 把洞察列寫進 PG（provider 以 llmInsight 注入）
  ---
  duration_ms: 27.737918
  type: 'test'
  ...
# Subtest: 第二段：enqueueListingSimilarityAsync 在功能關閉時明確回 disabled、不誤寫
ok 63 - 第二段：enqueueListingSimilarityAsync 在功能關閉時明確回 disabled、不誤寫
  ---
  duration_ms: 20.093498
  type: 'test'
  ...
# Subtest: sqlite 模式：async 入口與原本的同步函式輸出完全相同
ok 64 - sqlite 模式：async 入口與原本的同步函式輸出完全相同
  ---
  duration_ms: 19.688209
  type: 'test'
  ...
# Subtest: postgres 路徑（離線 exec）給出與 sqlite 相同的 admin payload
ok 65 - postgres 路徑（離線 exec）給出與 sqlite 相同的 admin payload
  ---
  duration_ms: 16.09494
  type: 'test'
  ...
# Subtest: postgres 路徑：設定讀寫與 shouldEnqueueSimilarity 與 sqlite 相同
ok 66 - postgres 路徑：設定讀寫與 shouldEnqueueSimilarity 與 sqlite 相同
  ---
  duration_ms: 24.196183
  type: 'test'
  ...
# Subtest: postgres 路徑：reviewSimilarity 的驗證與回傳與 sqlite 相同
ok 67 - postgres 路徑：reviewSimilarity 的驗證與回傳與 sqlite 相同
  ---
  duration_ms: 22.056867
  type: 'test'
  ...
# Subtest: live shadow PostgreSQL：同一組 admin 斷言
ok 68 - live shadow PostgreSQL：同一組 admin 斷言
  ---
  duration_ms: 384.409682
  type: 'test'
  ...
# [search] listing_search_projection 已與 listings 對齊，訪客搜尋使用 SQL-first
# (node:188) ExperimentalWarning: SQLite is an experimental feature and might change at any time
# (Use `node --trace-warnings ...` to show where the warning was created)
# Subtest: the state writes go through the driver-aware entry point
ok 69 - the state writes go through the driver-aware entry point
  ---
  duration_ms: 1456.022054
  type: 'test'
  ...
# [search] listing_search_projection 已與 listings 對齊，訪客搜尋使用 SQL-first
# Subtest: live PostgreSQL: the state writes land where the site reads
    # Subtest: offline -> alive -> restored -> checked match SQLite field for field
    ok 1 - offline -> alive -> restored -> checked match SQLite field for field
      ---
      duration_ms: 936.675754
      type: 'test'
      ...
    # Subtest: invalidateLocation clears the route_jobs rows
    ok 2 - invalidateLocation clears the route_jobs rows
      ---
      duration_ms: 482.13223
      type: 'test'
      ...
    1..2
ok 70 - live PostgreSQL: the state writes land where the site reads
  ---
  duration_ms: 1423.079036
  type: 'test'
  ...
# (node:200) ExperimentalWarning: SQLite is an experimental feature and might change at any time
# (Use `node --trace-warnings ...` to show where the warning was created)
# Subtest: listingStatsAsync keeps the SQLite counters on the sqlite driver
ok 71 - listingStatsAsync keeps the SQLite counters on the sqlite driver
  ---
  duration_ms: 1612.092042
  type: 'test'
  ...
# [search] listing_search_projection 已與 listings 對齊，訪客搜尋使用 SQL-first
# Subtest: live PostgreSQL: the counters equal the SQLite counters
    # Subtest: without commute settings
    ok 1 - without commute settings
      ---
      duration_ms: 823.64044
      type: 'test'
      ...
    # Subtest: with commute settings and a cached route
    ok 2 - with commute settings and a cached route
      ---
      duration_ms: 627.358086
      type: 'test'
      ...
    # Subtest: the initial payload page matches the SQLite page
    ok 3 - the initial payload page matches the SQLite page
      ---
      duration_ms: 756.577912
      type: 'test'
      ...
    1..3
ok 72 - live PostgreSQL: the counters equal the SQLite counters
  ---
  duration_ms: 2212.789498
  type: 'test'
  ...
# (node:212) ExperimentalWarning: SQLite is an experimental feature and might change at any time
# (Use `node --trace-warnings ...` to show where the warning was created)
# Subtest: the decision chain answers with the reasons the SQLite path acts on
ok 73 - the decision chain answers with the reasons the SQLite path acts on
  ---
  duration_ms: 1101.029005
  type: 'test'
  ...
# Subtest: the PostgreSQL enqueue answers the SQLite rows through its own executor
ok 74 - the PostgreSQL enqueue answers the SQLite rows through its own executor
  ---
  duration_ms: 537.446788
  type: 'test'
  ...
# Subtest: every event site goes through the driver-aware entry point
ok 75 - every event site goes through the driver-aware entry point
  ---
  duration_ms: 6.232919
  type: 'test'
  ...
# [search] listing_search_projection 已與 listings 對齊，訪客搜尋使用 SQL-first
# Subtest: live PostgreSQL: the enqueue writes the queue the site reads
    # Subtest: the same members are queued with the same columns
    ok 1 - the same members are queued with the same columns
      ---
      duration_ms: 1797.539841
      type: 'test'
      ...
    1..1
ok 76 - live PostgreSQL: the enqueue writes the queue the site reads
  ---
  duration_ms: 1800.103604
  type: 'test'
  ...
# (node:224) ExperimentalWarning: SQLite is an experimental feature and might change at any time
# (Use `node --trace-warnings ...` to show where the warning was created)
# Subtest: the notification queue reads and writes through the driver-aware entry point
ok 77 - the notification queue reads and writes through the driver-aware entry point
  ---
  duration_ms: 1371.010069
  type: 'test'
  ...
# Subtest: live PostgreSQL: the notification queue drains the same store it writes
    # Subtest: the pending page matches SQLite (rows and order)
    ok 1 - the pending page matches SQLite (rows and order)
      ---
      duration_ms: 401.767385
      type: 'test'
      ...
    # Subtest: updateEventNotify writes the same columns as SQLite
    ok 2 - updateEventNotify writes the same columns as SQLite
      ---
      duration_ms: 259.51151
      type: 'test'
      ...
# [search] listing_search_projection 已與 listings 對齊，訪客搜尋使用 SQL-first
    # Subtest: markEventNotified takes the event out of the queue it wrote to
    ok 3 - markEventNotified takes the event out of the queue it wrote to
      ---
      duration_ms: 232.677259
      type: 'test'
      ...
    1..3
ok 78 - live PostgreSQL: the notification queue drains the same store it writes
  ---
  duration_ms: 899.534521
  type: 'test'
  ...
# Subtest: live PG: narrow reads retain all rows across bounded replies and report batch work
ok 79 - live PG: narrow reads retain all rows across bounded replies and report batch work
  ---
  duration_ms: 300.517309
  type: 'test'
  ...
# Subtest: live PG: complete-read planner settings remain local after success and failure
ok 80 - live PG: complete-read planner settings remain local after success and failure
  ---
  duration_ms: 58.999468
  type: 'test'
  ...
# Subtest: live PG: candidate array batches preserve every row, field, numeric value and text
ok 81 - live PG: candidate array batches preserve every row, field, numeric value and text
  ---
  duration_ms: 104.809196
  type: 'test'
  ...
# Subtest: live PG: the complete candidate shape keeps the typed value in every named column
ok 82 - live PG: the complete candidate shape keeps the typed value in every named column
  ---
  duration_ms: 202.024567
  type: 'test'
  ...
# Subtest: candidate content store bounds rows/bytes and refuses mutable PG values
ok 83 - candidate content store bounds rows/bytes and refuses mutable PG values
  ---
  duration_ms: 5.764295
  type: 'test'
  ...
# Subtest: live PG: reused content belongs to the visible row version and full column contract
    # Subtest: warm reads select fresh versions, preserve ordering/scope and return isolated objects
    ok 1 - warm reads select fresh versions, preserve ordering/scope and return isolated objects
      ---
      duration_ms: 172.047929
      type: 'test'
      ...
    # Subtest: committed updates, inserts and deletes are visible; rollback stays invisible
    ok 2 - committed updates, inserts and deletes are visible; rollback stays invisible
      ---
      duration_ms: 151.649272
      type: 'test'
      ...
    # Subtest: streamed versions preserve all fields, order and cold/warm rows across reply boundaries
    ok 3 - streamed versions preserve all fields, order and cold/warm rows across reply boundaries
      ---
      duration_ms: 1132.064229
      type: 'test'
      ...
    # Subtest: old and new repeatable-read snapshots cannot replace each other’s row content
    ok 4 - old and new repeatable-read snapshots cannot replace each other’s row content
      ---
      duration_ms: 119.879304
      type: 'test'
      ...
    # Subtest: search_path, truncate and column replacement invalidate content
    ok 5 - search_path, truncate and column replacement invalidate content
      ---
      duration_ms: 174.510474
      type: 'test'
      ...
    # Subtest: a dropped required column fails even when all raw content was warm
    ok 6 - a dropped required column fails even when all raw content was warm
      ---
      duration_ms: 37.648967
      type: 'test'
      ...
    # Subtest: RLS tables keep their original read path
    ok 7 - RLS tables keep their original read path
      ---
      duration_ms: 47.481758
      type: 'test'
      ...
    # Subtest: revoked SELECT fails on warm content; column-only grants retain the ordinary path
    ok 8 - revoked SELECT fails on warm content; column-only grants retain the ordinary path
      ---
      duration_ms: 137.01132
      type: 'test'
      ...
    # Subtest: eviction and oversize rows affect performance only, never selection or complete content
    ok 9 - eviction and oversize rows affect performance only, never selection or complete content
      ---
      duration_ms: 92.422237
      type: 'test'
      ...
    1..9
ok 84 - live PG: reused content belongs to the visible row version and full column contract
  ---
  duration_ms: 2333.519126
  type: 'test'
  ...
# (node:258) ExperimentalWarning: SQLite is an experimental feature and might change at any time
# (Use `node --trace-warnings ...` to show where the warning was created)
# Subtest: rowsPerStatement respects the bind-parameter limit and the batch size
ok 85 - rowsPerStatement respects the bind-parameter limit and the batch size
  ---
  duration_ms: 4.476569
  type: 'test'
  ...
# Subtest: multiRowInsertSql numbers the placeholders across rows
ok 86 - multiRowInsertSql numbers the placeholders across rows
  ---
  duration_ms: 2.805806
  type: 'test'
  ...
# Subtest: an imported store re-syncs the identity sequences
ok 87 - an imported store re-syncs the identity sequences
  ---
  duration_ms: 3.468197
  type: 'test'
  ...
# Subtest: readTableChunks streams rowid-ordered chunks without holding the table
ok 88 - readTableChunks streams rowid-ordered chunks without holding the table
  ---
  duration_ms: 5.839559
  type: 'test'
  ...
# Subtest: the multi-row path sends one statement per chunk and flattens the params
ok 89 - the multi-row path sends one statement per chunk and flattens the params
  ---
  duration_ms: 5.109639
  type: 'test'
  ...
# Subtest: multiRow:false keeps the legacy per-row path (batch transaction)
ok 90 - multiRow:false keeps the legacy per-row path (batch transaction)
  ---
  duration_ms: 3.59893
  type: 'test'
  ...
# Subtest: live PostgreSQL: both import paths write the same rows
    # Subtest: multi-row import (and a rerun stays idempotent)
    ok 1 - multi-row import (and a rerun stays idempotent)
      ---
      duration_ms: 182.827237
      type: 'test'
      ...
    # Subtest: per-row import writes the same content
    ok 2 - per-row import writes the same content
      ---
      duration_ms: 293.196616
      type: 'test'
      ...
    1..2
ok 91 - live PostgreSQL: both import paths write the same rows
  ---
  duration_ms: 615.145144
  type: 'test'
  ...
# (node:269) ExperimentalWarning: SQLite is an experimental feature and might change at any time
# (Use `node --trace-warnings ...` to show where the warning was created)
# [search] listing_search_projection 已與 listings 對齊，訪客搜尋使用 SQL-first
# Subtest: live PostgreSQL: driver, schema import, listings parity and queue claim
    # Subtest: driver health check reports the server role
    ok 1 - driver health check reports the server role
      ---
      duration_ms: 3.530634
      type: 'test'
      ...
    # Subtest: the SQLite schema is mirrored into PostgreSQL with identical row counts
    ok 2 - the SQLite schema is mirrored into PostgreSQL with identical row counts
      ---
      duration_ms: 17.08412
      type: 'test'
      ...
    # Subtest: import is idempotent (re-import adds no rows)
    ok 3 - import is idempotent (re-import adds no rows)
      ---
      duration_ms: 67.565177
      type: 'test'
      ...
    # Subtest: listings search returns the same ids/order/paging/cursor as the SQLite path
    ok 4 - listings search returns the same ids/order/paging/cursor as the SQLite path
      ---
      duration_ms: 828.590512
      type: 'test'
      ...
    # Subtest: outside the envelope the PostgreSQL repository reports null (Node fallback)
    ok 5 - outside the envelope the PostgreSQL repository reports null (Node fallback)
      ---
      duration_ms: 2.402813
      type: 'test'
      ...
    # Subtest: durable queue: two workers never claim the same job (FOR UPDATE SKIP LOCKED)
    ok 6 - durable queue: two workers never claim the same job (FOR UPDATE SKIP LOCKED)
      ---
      duration_ms: 104.777447
      type: 'test'
      ...
    # Subtest: durable queue: expired lease is reclaimed and re-claimed by the other worker
    ok 7 - durable queue: expired lease is reclaimed and re-claimed by the other worker
      ---
      duration_ms: 22.240991
      type: 'test'
      ...
    # Subtest: durable queue: idempotency key collapses duplicate enqueues
    ok 8 - durable queue: idempotency key collapses duplicate enqueues
      ---
      duration_ms: 18.571823
      type: 'test'
      ...
    1..8
ok 92 - live PostgreSQL: driver, schema import, listings parity and queue claim
  ---
  duration_ms: 4860.715691
  type: 'test'
  ...
# (node:281) ExperimentalWarning: SQLite is an experimental feature and might change at any time
# (Use `node --trace-warnings ...` to show where the warning was created)
# Subtest: PG 整合：設定 PG 後必須真的連得上（連不上＝失敗，不是略過）
ok 93 - PG 整合：設定 PG 後必須真的連得上（連不上＝失敗，不是略過）
  ---
  duration_ms: 194.906638
  type: 'test'
  ...
# Subtest: PG 整合：缺 pgDriver 時 canRunNodePg 必須為 false（不得誤判可跑）
ok 94 - PG 整合：缺 pgDriver 時 canRunNodePg 必須為 false（不得誤判可跑）
  ---
  duration_ms: 594.429907
  type: 'test'
  ...
# Subtest: PG 整合：完整路徑走 node_pg、單一快照只取一次連線、資料查詢都走該 client
ok 95 - PG 整合：完整路徑走 node_pg、單一快照只取一次連線、資料查詢都走該 client
  ---
  duration_ms: 168.156631
  type: 'test'
  ...
# Subtest: PG 整合：districtClosureIds 走 PG（不得拋錯；不需行政區條件時可為 null）
ok 96 - PG 整合：districtClosureIds 走 PG（不得拋錯；不需行政區條件時可為 null）
  ---
  duration_ms: 48.468853
  type: 'test'
  ...
# [search] listing_search_projection 已與 listings 對齊，訪客搜尋使用 SQL-first
# (node:293) ExperimentalWarning: SQLite is an experimental feature and might change at any time
# (Use `node --trace-warnings ...` to show where the warning was created)
# Subtest: PG 分支：儲存設定寫進 user_settings，且讀回來與寫入相符
ok 97 - PG 分支：儲存設定寫進 user_settings，且讀回來與寫入相符
  ---
  duration_ms: 48.158503
  type: 'test'
  ...
# Subtest: PG 分支：site 層鍵寫進 settings、跳過的鍵不寫（與 SQLite 分支同一份規則）
ok 98 - PG 分支：site 層鍵寫進 settings、跳過的鍵不寫（與 SQLite 分支同一份規則）
  ---
  duration_ms: 12.749012
  type: 'test'
  ...
# Subtest: PG 分支：儲存設定會啟用對應的搜尋設定檔，換一個會把舊的關掉
ok 99 - PG 分支：儲存設定會啟用對應的搜尋設定檔，換一個會把舊的關掉
  ---
  duration_ms: 24.600302
  type: 'test'
  ...
# Subtest: PG 分支：saveAsProfileAsync 建立設定檔並排下次抓取時間
ok 100 - PG 分支：saveAsProfileAsync 建立設定檔並排下次抓取時間
  ---
  duration_ms: 29.589969
  type: 'test'
  ...
# Subtest: live：PG 上的設定寫入可被讀回（PG_TEST_URL）
ok 101 - live：PG 上的設定寫入可被讀回（PG_TEST_URL）
  ---
  duration_ms: 431.941703
  type: 'test'
  ...
# [search] listing_search_projection 已與 listings 對齊，訪客搜尋使用 SQL-first
# (node:305) ExperimentalWarning: SQLite is an experimental feature and might change at any time
# (Use `node --trace-warnings ...` to show where the warning was created)
# Subtest: 政策：讀取預設允許 fallback，寫入預設拒絕（未設 PG_SQLITE_FALLBACK）
ok 102 - 政策：讀取預設允許 fallback，寫入預設拒絕（未設 PG_SQLITE_FALLBACK）
  ---
  duration_ms: 4.260756
  type: 'test'
  ...
# Subtest: 政策：PG_SQLITE_FALLBACK=open 與 options.fallback='open' 連寫入都放行
ok 103 - 政策：PG_SQLITE_FALLBACK=open 與 options.fallback='open' 連寫入都放行
  ---
  duration_ms: 1.685188
  type: 'test'
  ...
# Subtest: 政策：strict=true 一律往上丟（連環境變數也壓不過）
ok 104 - 政策：strict=true 一律往上丟（連環境變數也壓不過）
  ---
  duration_ms: 0.894006
  type: 'test'
  ...
# Subtest: PG 模式寫入失敗（交易型入口）：往上丟，且不動本機 SQLite
ok 105 - PG 模式寫入失敗（交易型入口）：往上丟，且不動本機 SQLite
  ---
  duration_ms: 15.929121
  type: 'test'
  ...
# Subtest: PG 模式讀取失敗：仍回本機 SQLite 的答案（fail-open 保留給讀取）
ok 106 - PG 模式讀取失敗：仍回本機 SQLite 的答案（fail-open 保留給讀取）
  ---
  duration_ms: 6.677694
  type: 'test'
  ...
# Subtest: 緊急逃生門：PG_SQLITE_FALLBACK=open 時寫入回退成舊行為（真的寫進 SQLite）
ok 107 - 緊急逃生門：PG_SQLITE_FALLBACK=open 時寫入回退成舊行為（真的寫進 SQLite）
  ---
  duration_ms: 11.259347
  type: 'test'
  ...
# Subtest: 讀寫混合模組：寫入入口帶 write 旗標才擋住 fallback，讀取入口仍 fail-open
ok 108 - 讀寫混合模組：寫入入口帶 write 旗標才擋住 fallback，讀取入口仍 fail-open
  ---
  duration_ms: 8.816166
  type: 'test'
  ...
# [search] listing_search_projection 已與 listings 對齊，訪客搜尋使用 SQL-first
# (node:313) ExperimentalWarning: SQLite is an experimental feature and might change at any time
# (Use `node --trace-warnings ...` to show where the warning was created)
# Subtest: the hot-path writes land the expected rows on SQLite
ok 109 - the hot-path writes land the expected rows on SQLite
  ---
  duration_ms: 49.38398
  type: 'test'
  ...
# Subtest: PostgreSQL writes read back identically to SQLite
ok 110 - PostgreSQL writes read back identically to SQLite
  ---
  duration_ms: 373.611774
  type: 'test'
  ...
1..110
# tests 149
# suites 0
# pass 148
# fail 0
# cancelled 0
# skipped 1
# todo 0
# duration_ms 76265.621785
(node:324) ExperimentalWarning: SQLite is an experimental feature and might change at any time
(Use `node --trace-warnings ...` to show where the warning was created)
PRB-PERF-CASE {"scope":"single","concurrency":1,"requests":50,"coldMs":3782.169313999999,"expected":{"matched":17488,"total":36000,"dbTotal":120000,"pageIds":[900301026,900301028,900301030,900301032,900301034,900301036,900301038,900301040,900301042,900301044,900301046,900301048,900301050,900301052,900301054,900301056,900301058,900301060,900301062,900301064,900301066,900301068,900301070,900301072,900301074,900301076,900301078,900301080,900301082,900301084,900301086,900301088,900301090,900301092,900301094,900301096,900301098,900301100,900301102,900301104,900301106,900301108,900301110,900301112,900301114,900301116,900301118,900301120,900301122,900301124]},"workDiagnostics":{"pg.query.submitSync":{"calls":1300,"totalMs":645.429,"maxMs":3.566,"totalUnits":0,"maxUnits":0,"over2Ms":22,"over10Ms":0,"over50Ms":0},"pg.query.wall":{"calls":1300,"totalMs":2912.597,"maxMs":17.164,"totalUnits":8000,"maxUnits":50,"over2Ms":512,"over10Ms":6,"over50Ms":0},"eventLoop.tickGap":{"calls":5405,"totalMs":59904.674,"maxMs":54.407,"totalUnits":0,"maxUnits":0,"over2Ms":5405,"over10Ms":4232,"over50Ms":1},"pg.declare.submitSync":{"calls":250,"totalMs":246.219,"maxMs":4.391,"totalUnits":0,"maxUnits":0,"over2Ms":18,"over10Ms":0,"over50Ms":0},"pg.declare.wall":{"calls":250,"totalMs":1140.673,"maxMs":17.788,"totalUnits":0,"maxUnits":0,"over2Ms":184,"over10Ms":18,"over50Ms":0},"pg.fetch.submitSync":{"calls":3000,"totalMs":1314.598,"maxMs":5.523,"totalUnits":0,"maxUnits":0,"over2Ms":61,"over10Ms":0,"over50Ms":0},"pg.fetch.wall":{"calls":3000,"totalMs":24705.869,"maxMs":141.817,"totalUnits":2802350,"maxUnits":1024,"over2Ms":2904,"over10Ms":149,"over50Ms":50},"stats.content.lookup.step":{"calls":8850,"totalMs":2129.947,"maxMs":3.622,"totalUnits":1800000,"maxUnits":256,"over2Ms":3,"over10Ms":0,"over50Ms":0},"stats.content.lookup.slice":{"calls":1866,"totalMs":2210.606,"maxMs":4.209,"totalUnits":1800000,"maxUnits":1024,"over2Ms":67,"over10Ms":0,"over50Ms":0},"pg.consumeValues.wall":{"calls":1800,"totalMs":2472.166,"maxMs":5.519,"totalUnits":1800000,"maxUnits":1024,"over2Ms":110,"over10Ms":0,"over50Ms":0},"pg.fetch.yieldWait":{"calls":2750,"totalMs":414.788,"maxMs":13.548,"totalUnits":0,"maxUnits":0,"over2Ms":15,"over10Ms":6,"over50Ms":0},"stats.content.lookup.yieldWait":{"calls":67,"totalMs":12.329,"maxMs":1.222,"totalUnits":0,"maxUnits":0,"over2Ms":0,"over10Ms":0,"over50Ms":0},"gc.pause":{"calls":333,"totalMs":2125.297,"maxMs":36.252,"totalUnits":0,"maxUnits":0,"over2Ms":311,"over10Ms":75,"over50Ms":0},"stats.normalize.step":{"calls":7100,"totalMs":344.766,"maxMs":1.387,"totalUnits":1800000,"maxUnits":256,"over2Ms":0,"over10Ms":0,"over50Ms":0},"stats.normalize.slice":{"calls":207,"totalMs":362.52,"maxMs":3.12,"totalUnits":1800000,"maxUnits":14848,"over2Ms":157,"over10Ms":0,"over50Ms":0},"stats.normalize.yieldWait":{"calls":157,"totalMs":135.423,"maxMs":15.686,"totalUnits":0,"maxUnits":0,"over2Ms":9,"over10Ms":6,"over50Ms":0},"pg.countListings.submitSync":{"calls":50,"totalMs":21.004,"maxMs":2.561,"totalUnits":0,"maxUnits":0,"over2Ms":1,"over10Ms":0,"over50Ms":0},"pg.countListings.wall":{"calls":50,"totalMs":7643.716,"maxMs":224.561,"totalUnits":50,"maxUnits":1,"over2Ms":50,"over10Ms":50,"over50Ms":50},"pg.appendRows.sync":{"calls":1200,"totalMs":64.535,"maxMs":1.143,"totalUnits":1002350,"maxUnits":1024,"over2Ms":0,"over10Ms":0,"over50Ms":0},"cooperative.step":{"calls":14750,"totalMs":1872.692,"maxMs":4.761,"totalUnits":1876800,"maxUnits":256,"over2Ms":77,"over10Ms":0,"over50Ms":0},"cooperative.slice":{"calls":986,"totalMs":1927.912,"maxMs":6.535,"totalUnits":1876800,"maxUnits":11008,"over2Ms":738,"over10Ms":0,"over50Ms":0},"cooperative.yieldWait":{"calls":738,"totalMs":255.608,"maxMs":13.832,"totalUnits":0,"maxUnits":0,"over2Ms":9,"over10Ms":8,"over50Ms":0},"preload.ids.step":{"calls":3700,"totalMs":1193.687,"maxMs":3.986,"totalUnits":921600,"maxUnits":256,"over2Ms":55,"over10Ms":0,"over50Ms":0},"preload.ids.slice":{"calls":572,"totalMs":1214.035,"maxMs":5.249,"totalUnits":921600,"maxUnits":2816,"over2Ms":487,"over10Ms":0,"over50Ms":0},"preload.ids.yieldWait":{"calls":487,"totalMs":266.299,"maxMs":14.854,"totalUnits":0,"maxUnits":0,"over2Ms":12,"over10Ms":10,"over50Ms":0},"preload.relations.step":{"calls":3700,"totalMs":265.368,"maxMs":0.637,"totalUnits":921600,"maxUnits":256,"over2Ms":0,"over10Ms":0,"over50Ms":0},"preload.relations.slice":{"calls":208,"totalMs":274.535,"maxMs":2.179,"totalUnits":921600,"maxUnits":8448,"over2Ms":108,"over10Ms":0,"over50Ms":0},"preload.relations.yieldWait":{"calls":108,"totalMs":84.416,"maxMs":20.677,"totalUnits":0,"maxUnits":0,"over2Ms":4,"over10Ms":3,"over50Ms":0},"preload.prepIds.step":{"calls":3700,"totalMs":167.623,"maxMs":0.795,"totalUnits":921600,"maxUnits":256,"over2Ms":0,"over10Ms":0,"over50Ms":0},"preload.prepIds.slice":{"calls":165,"totalMs":174.354,"maxMs":2.164,"totalUnits":921600,"maxUnits":14592,"over2Ms":65,"over10Ms":0,"over50Ms":0},"preload.prepIds.yieldWait":{"calls":65,"totalMs":94.056,"maxMs":16.562,"totalUnits":0,"maxUnits":0,"over2Ms":7,"over10Ms":6,"over50Ms":0},"preload.extras.step":{"calls":3800,"totalMs":806.283,"maxMs":5.22,"totalUnits":928100,"maxUnits":256,"over2Ms":200,"over10Ms":0,"over50Ms":0},"preload.extras.slice":{"calls":403,"totalMs":815.256,"maxMs":5.221,"totalUnits":928100,"maxUnits":7680,"over2Ms":303,"over10Ms":0,"over50Ms":0},"preload.extras.yieldWait":{"calls":303,"totalMs":144.019,"maxMs":17.916,"totalUnits":0,"maxUnits":0,"over2Ms":7,"over10Ms":6,"over50Ms":0},"preload.routes.step":{"calls":3700,"totalMs":338.873,"maxMs":0.611,"totalUnits":921600,"maxUnits":256,"over2Ms":0,"over10Ms":0,"over50Ms":0},"preload.routes.slice":{"calls":255,"totalMs":349.16,"maxMs":2.265,"totalUnits":921600,"maxUnits":6400,"over2Ms":155,"over10Ms":0,"over50Ms":0},"preload.routes.yieldWait":{"calls":155,"totalMs":50.143,"maxMs":19.681,"totalUnits":0,"maxUnits":0,"over2Ms":1,"over10Ms":1,"over50Ms":0},"list.profile.step":{"calls":3650,"totalMs":857.23,"maxMs":6.432,"totalUnits":925600,"maxUnits":256,"over2Ms":7,"over10Ms":0,"over50Ms":0},"list.build.slice":{"calls":1506,"totalMs":3949.674,"maxMs":8.464,"totalUnits":2879100,"maxUnits":8192,"over2Ms":1456,"over10Ms":0,"over50Ms":0},"list.build.yieldWait":{"calls":1456,"totalMs":797.893,"maxMs":29.837,"totalUnits":0,"maxUnits":0,"over2Ms":70,"over10Ms":10,"over50Ms":0},"relations.index.step":{"calls":3650,"totalMs":452.783,"maxMs":5.239,"totalUnits":925600,"maxUnits":256,"over2Ms":22,"over10Ms":0,"over50Ms":0},"relations.missing.step":{"calls":200,"totalMs":17.993,"maxMs":0.613,"totalUnits":51150,"maxUnits":256,"over2Ms":0,"over10Ms":0,"over50Ms":0},"relations.pairs.step":{"calls":200,"totalMs":1039.252,"maxMs":7.83,"totalUnits":51150,"maxUnits":256,"over2Ms":200,"over10Ms":0,"over50Ms":0},"list.display.step":{"calls":3650,"totalMs":1518.093,"maxMs":3.592,"totalUnits":925600,"maxUnits":256,"over2Ms":6,"over10Ms":0,"over50Ms":0},"list.build.step":{"calls":50,"totalMs":1.618,"maxMs":0.148,"totalUnits":0,"maxUnits":0,"over2Ms":0,"over10Ms":0,"over50Ms":0},"list.sort.step":{"calls":34550,"totalMs":1339.843,"maxMs":2.82,"totalUnits":8744000,"maxUnits":256,"over2Ms":1,"over10Ms":0,"over50Ms":0},"list.sort.slice":{"calls":703,"totalMs":1401.393,"maxMs":3.337,"totalUnits":8744000,"maxUnits":38384,"over2Ms":653,"over10Ms":0,"over50Ms":0},"list.sort.yieldWait":{"calls":653,"totalMs":139.901,"maxMs":4.626,"totalUnits":0,"maxUnits":0,"over2Ms":4,"over10Ms":0,"over50Ms":0},"stats.profile.step":{"calls":7050,"totalMs":2445.3,"maxMs":4.367,"totalUnits":1800000,"maxUnits":256,"over2Ms":16,"over10Ms":0,"over50Ms":0},"stats.count.step":{"calls":7050,"totalMs":2622.401,"maxMs":10.302,"totalUnits":1800000,"maxUnits":256,"over2Ms":18,"over10Ms":1,"over50Ms":0},"stats.reduce.slice":{"calls":2356,"totalMs":5180.667,"maxMs":10.303,"totalUnits":3600000,"maxUnits":2048,"over2Ms":2306,"over10Ms":1,"over50Ms":0},"stats.reduce.yieldWait":{"calls":2306,"totalMs":1024.18,"maxMs":39.986,"totalUnits":0,"maxUnits":0,"over2Ms":126,"over10Ms":7,"over50Ms":0},"stats.reduce.step":{"calls":50,"totalMs":0.1,"maxMs":0.008,"totalUnits":0,"maxUnits":0,"over2Ms":0,"over10Ms":0,"over50Ms":0}},"workTimeline":{"pg.fetch.wall":[{"startMs":82413.223898,"endMs":82555.041269,"ms":141.81737099999737,"units":512},{"startMs":60924.914088,"endMs":61066.474741,"ms":141.56065300000046,"units":512},{"startMs":47354.569036,"endMs":47495.803553,"ms":141.23451699999714,"units":512},{"startMs":74543.242129,"endMs":74683.537547,"ms":140.29541799999424,"units":512},{"startMs":44813.102533,"endMs":44951.035084,"ms":137.93255100000533,"units":512},{"startMs":39614.902663,"endMs":39752.064119,"ms":137.16145600000164,"units":512},{"startMs":43463.927729,"endMs":43600.878244,"ms":136.9505149999968,"units":512},{"startMs":69058.564854,"endMs":69192.958271,"ms":134.39341699999932,"units":512},{"startMs":38365.091523,"endMs":38499.087875,"ms":133.99635199999466,"units":512},{"startMs":56143.962676,"endMs":56277.430128,"ms":133.46745199999714,"units":512},{"startMs":76770.371881,"endMs":76902.741951,"ms":132.3700700000045,"units":512},{"startMs":42210.122972,"endMs":42342.397116,"ms":132.2741440000027,"units":512},{"startMs":62293.052435,"endMs":62425.194826,"ms":132.14239100000123,"units":512},{"startMs":71208.244983,"endMs":71340.165387,"ms":131.92040400000405,"units":512},{"startMs":34475.076128,"endMs":34606.897357,"ms":131.82122900000104,"units":512},{"startMs":53656.065333,"endMs":53787.83097,"ms":131.76563700000406,"units":512},{"startMs":54846.630176,"endMs":54977.64362,"ms":131.0134440000038,"units":512},{"startMs":33181.629406,"endMs":33311.19744,"ms":129.56803400000354,"units":512},{"startMs":65699.217836,"endMs":65828.359639,"ms":129.1418030000059,"units":512},{"startMs":30468.086653,"endMs":30597.167839,"ms":129.08118600000307,"units":512},{"startMs":49853.365812,"endMs":49982.290452,"ms":128.92464000000473,"units":512},{"startMs":57401.980382,"endMs":57530.727351,"ms":128.7469689999998,"units":512},{"startMs":73450.222617,"endMs":73578.799354,"ms":128.57673699999577,"units":512},{"startMs":63483.800321,"endMs":63611.438156,"ms":127.63783499999408,"units":512},{"startMs":40935.624434,"endMs":41062.810325,"ms":127.18589100000099,"units":512},{"startMs":48616.456002,"endMs":48742.964431,"ms":126.50842900000134,"units":512},{"startMs":64598.138378,"endMs":64724.432558,"ms":126.29417999999714,"units":512},{"startMs":67925.530394,"endMs":68051.600439,"ms":126.07004500000039,"units":512},{"startMs":86893.755778,"endMs":87019.773273,"ms":126.01749499999278,"units":512},{"startMs":85745.658859,"endMs":85871.630417,"ms":125.97155799999018,"units":512},{"startMs":58564.891014,"endMs":58690.615026,"ms":125.72401199999877,"units":512},{"startMs":83526.252761,"endMs":83651.726501,"ms":125.47374000000127,"units":512}],"eventLoop.tickGap":[{"startMs":46546.942647,"endMs":46601.349659,"ms":54.40701199999603,"units":0},{"startMs":72850.333563,"endMs":72893.05519,"ms":42.721627000006265,"units":0},{"startMs":67184.882366,"endMs":67227.270207,"ms":42.38784099998884,"units":0},{"startMs":61391.910833,"endMs":61430.294449,"ms":38.383615999999165,"units":0},{"startMs":84101.386209,"endMs":84138.77239,"ms":37.386180999994394,"units":0},{"startMs":66158.000354,"endMs":66193.207076,"ms":35.20672200000263,"units":0},{"startMs":63953.553517,"endMs":63986.234405,"ms":32.6808880000026,"units":0},{"startMs":86185.929553,"endMs":86218.055835,"ms":32.126282000012,"units":0},{"startMs":31038.206887,"endMs":31070.116873,"ms":31.909985999998753,"units":0},{"startMs":89550.194727,"endMs":89581.316819,"ms":31.12209200000507,"units":0},{"startMs":37501.565118,"endMs":37532.36408,"ms":30.798962000000756,"units":0},{"startMs":86015.741153,"endMs":86045.061962,"ms":29.32080900001165,"units":0},{"startMs":83958.000747,"endMs":83986.41796,"ms":28.417213000007905,"units":0},{"startMs":78290.816027,"endMs":78318.750953,"ms":27.934926000001724,"units":0},{"startMs":68429.523631,"endMs":68457.327218,"ms":27.803587000002153,"units":0},{"startMs":71648.617479,"endMs":71676.122141,"ms":27.504662000006647,"units":0},{"startMs":44132.121273,"endMs":44159.306782,"ms":27.18550900000264,"units":0},{"startMs":50200.747382,"endMs":50227.925549,"ms":27.17816699999821,"units":0},{"startMs":89402.355928,"endMs":89429.510712,"ms":27.15478399999847,"units":0},{"startMs":67088.85658,"endMs":67115.967751,"ms":27.11117099999683,"units":0},{"startMs":55528.921096,"endMs":55555.93158,"ms":27.01048399999854,"units":0},{"startMs":33659.866362,"endMs":33686.821197,"ms":26.95483499999682,"units":0},{"startMs":81740.078845,"endMs":81766.950887,"ms":26.872042000002693,"units":0},{"startMs":49080.85765,"endMs":49107.657212,"ms":26.79956200000015,"units":0},{"startMs":61485.886323,"endMs":61512.515195,"ms":26.628872000001138,"units":0},{"startMs":85121.751102,"endMs":85148.311971,"ms":26.560869000008097,"units":0},{"startMs":45308.855271,"endMs":45335.350062,"ms":26.49479099999735,"units":0},{"startMs":42699.988778,"endMs":42726.358454,"ms":26.369676000002073,"units":0},{"startMs":32374.646234,"endMs":32401.01502,"ms":26.36878599999909,"units":0},{"startMs":50370.161338,"endMs":50396.430661,"ms":26.26932300000044,"units":0},{"startMs":79520.396576,"endMs":79546.273503,"ms":25.876927000004798,"units":0},{"startMs":43939.475896,"endMs":43965.051531,"ms":25.57563499999378,"units":0}],"gc.pause":[{"startMs":72850.631149,"endMs":72886.88326210386,"ms":36.25211310386658,"units":0},{"startMs":67192.261307,"endMs":67221.42334985621,"ms":29.16204285621643,"units":0},{"startMs":84109.030782,"endMs":84135.76328398364,"ms":26.732501983642578,"units":0},{"startMs":89553.425091,"endMs":89578.0533029751,"ms":24.628211975097656,"units":0},{"startMs":61401.78593,"endMs":61424.21752008026,"ms":22.43159008026123,"units":0},{"startMs":37532.896692,"endMs":37553.49621292171,"ms":20.599520921707153,"units":0}]},"measurementClock":{"timeOrigin":1790426282685.526,"startMs":29740.502065,"endMs":89634.543389},"processCpu":{"userMs":38368.502,"systemMs":4016.598,"wallMs":59894.041324},"idleRoundTripMs":{"samples":10,"p50":1.4844759999978123,"max":1.9799160000002303},"resultSignature":"d75a57c20695b67ee348505aa3c074ff1a05b769e5263b483f51a0285800423f","stageP95Ms":{"prepare_ms":45,"sql_ms":286,"preload_ms":98,"profile_ms":48,"relations_ms":46,"display_ms":62,"sort_ms":39,"preload_page_ms":22,"hydrate_ms":21,"stats_ms":770.2717990000019,"stats_status_ms":5,"stats_candidates_ms":395,"stats_normalize_ms":20,"stats_auxiliary_ms":227,"stats_inputs_ms":624,"stats_reuse_inputs_ms":0,"stats_provider_ms":0,"stats_profile_sync_ms":70.38445599985425,"stats_count_sync_ms":68.19651999995403,"stats_reduce_ms":209.04172500000277},"p50Ms":1175.9168470000004,"p95Ms":1337.6952279999969,"maxMs":1459.6869229999975,"lagP99Ms":22.724607,"lagMaxMs":54.558719,"rssPeakBytes":439984128,"heapPeakBytes":341131184,"queryCount":{"min":88,"p50":88,"max":88},"transactionStatements":{"min":4,"max":4},"errorCount":0,"timeoutCount":0,"errors":[],"ciSmokePassed":true,"lagTargetMet":true,"nasLatencyPassed":false,"contentStore":{"rows":36000,"bytes":55525548,"maxRows":50000,"maxBytes":67108864}}
PRB-PERF-CASE {"scope":"single","concurrency":4,"requests":50,"coldMs":2625.125046999994,"expected":{"matched":17488,"total":36000,"dbTotal":120000,"pageIds":[900301026,900301028,900301030,900301032,900301034,900301036,900301038,900301040,900301042,900301044,900301046,900301048,900301050,900301052,900301054,900301056,900301058,900301060,900301062,900301064,900301066,900301068,900301070,900301072,900301074,900301076,900301078,900301080,900301082,900301084,900301086,900301088,900301090,900301092,900301094,900301096,900301098,900301100,900301102,900301104,900301106,900301108,900301110,900301112,900301114,900301116,900301118,900301120,900301122,900301124]},"workDiagnostics":{"pg.query.submitSync":{"calls":1300,"totalMs":484.812,"maxMs":3.932,"totalUnits":0,"maxUnits":0,"over2Ms":7,"over10Ms":0,"over50Ms":0},"pg.query.wall":{"calls":1300,"totalMs":9604.206,"maxMs":76.471,"totalUnits":8000,"maxUnits":50,"over2Ms":1258,"over10Ms":242,"over50Ms":2},"eventLoop.tickGap":{"calls":2357,"totalMs":34704.358,"maxMs":100.032,"totalUnits":0,"maxUnits":0,"over2Ms":2357,"over10Ms":2178,"over50Ms":6},"pg.declare.submitSync":{"calls":250,"totalMs":222.87,"maxMs":5.884,"totalUnits":0,"maxUnits":0,"over2Ms":11,"over10Ms":0,"over50Ms":0},"pg.declare.wall":{"calls":250,"totalMs":2697.406,"maxMs":46.522,"totalUnits":0,"maxUnits":0,"over2Ms":245,"over10Ms":101,"over50Ms":0},"pg.fetch.submitSync":{"calls":3000,"totalMs":936.399,"maxMs":7.938,"totalUnits":0,"maxUnits":0,"over2Ms":24,"over10Ms":0,"over50Ms":0},"pg.fetch.wall":{"calls":3000,"totalMs":47423.245,"maxMs":295.492,"totalUnits":2802350,"maxUnits":1024,"over2Ms":2980,"over10Ms":2084,"over50Ms":64},"stats.content.lookup.step":{"calls":8850,"totalMs":2406.89,"maxMs":19.45,"totalUnits":1800000,"maxUnits":256,"over2Ms":30,"over10Ms":2,"over50Ms":0},"stats.content.lookup.slice":{"calls":1887,"totalMs":2490.528,"maxMs":19.451,"totalUnits":1800000,"maxUnits":1024,"over2Ms":90,"over10Ms":2,"over50Ms":0},"pg.consumeValues.wall":{"calls":1800,"totalMs":3294.064,"maxMs":132.612,"totalUnits":1800000,"maxUnits":1024,"over2Ms":119,"over10Ms":18,"over50Ms":2},"pg.fetch.yieldWait":{"calls":2750,"totalMs":11398.115,"maxMs":32.273,"totalUnits":0,"maxUnits":0,"over2Ms":2192,"over10Ms":136,"over50Ms":0},"stats.content.lookup.yieldWait":{"calls":90,"totalMs":560.38,"maxMs":55.818,"totalUnits":0,"maxUnits":0,"over2Ms":69,"over10Ms":16,"over50Ms":1},"gc.pause":{"calls":321,"totalMs":2511.112,"maxMs":60.57,"totalUnits":0,"maxUnits":0,"over2Ms":320,"over10Ms":58,"over50Ms":1},"stats.normalize.step":{"calls":7100,"totalMs":372.832,"maxMs":3.816,"totalUnits":1800000,"maxUnits":256,"over2Ms":5,"over10Ms":0,"over50Ms":0},"stats.normalize.slice":{"calls":211,"totalMs":391.788,"maxMs":5.556,"totalUnits":1800000,"maxUnits":15104,"over2Ms":161,"over10Ms":0,"over50Ms":0},"stats.normalize.yieldWait":{"calls":161,"totalMs":1035.623,"maxMs":33.008,"totalUnits":0,"maxUnits":0,"over2Ms":152,"over10Ms":14,"over50Ms":0},"pg.countListings.submitSync":{"calls":50,"totalMs":16.186,"maxMs":2.307,"totalUnits":0,"maxUnits":0,"over2Ms":1,"over10Ms":0,"over50Ms":0},"pg.countListings.wall":{"calls":50,"totalMs":4381.11,"maxMs":200.387,"totalUnits":50,"maxUnits":1,"over2Ms":50,"over10Ms":50,"over50Ms":43},"pg.appendRows.sync":{"calls":1200,"totalMs":79.576,"maxMs":13.685,"totalUnits":1002350,"maxUnits":1024,"over2Ms":1,"over10Ms":1,"over50Ms":0},"cooperative.step":{"calls":14750,"totalMs":1996.157,"maxMs":8.252,"totalUnits":1876800,"maxUnits":256,"over2Ms":97,"over10Ms":0,"over50Ms":0},"cooperative.slice":{"calls":1023,"totalMs":2051.141,"maxMs":9.275,"totalUnits":1876800,"maxUnits":9472,"over2Ms":775,"over10Ms":0,"over50Ms":0},"cooperative.yieldWait":{"calls":775,"totalMs":4957.927,"maxMs":37.123,"totalUnits":0,"maxUnits":0,"over2Ms":709,"over10Ms":91,"over50Ms":0},"preload.ids.step":{"calls":3700,"totalMs":1269.742,"maxMs":4.12,"totalUnits":921600,"maxUnits":256,"over2Ms":66,"over10Ms":0,"over50Ms":0},"preload.ids.slice":{"calls":617,"totalMs":1294.597,"maxMs":5.383,"totalUnits":921600,"maxUnits":3072,"over2Ms":519,"over10Ms":0,"over50Ms":0},"preload.ids.yieldWait":{"calls":519,"totalMs":3083.254,"maxMs":27.608,"totalUnits":0,"maxUnits":0,"over2Ms":469,"over10Ms":56,"over50Ms":0},"preload.relations.step":{"calls":3700,"totalMs":298.679,"maxMs":6.56,"totalUnits":921600,"maxUnits":256,"over2Ms":6,"over10Ms":0,"over50Ms":0},"preload.relations.slice":{"calls":215,"totalMs":308.052,"maxMs":6.874,"totalUnits":921600,"maxUnits":8192,"over2Ms":116,"over10Ms":0,"over50Ms":0},"preload.relations.yieldWait":{"calls":116,"totalMs":780.453,"maxMs":47.03,"totalUnits":0,"maxUnits":0,"over2Ms":102,"over10Ms":17,"over50Ms":0},"preload.prepIds.step":{"calls":3700,"totalMs":172.222,"maxMs":3.194,"totalUnits":921600,"maxUnits":256,"over2Ms":4,"over10Ms":0,"over50Ms":0},"preload.prepIds.slice":{"calls":162,"totalMs":178.457,"maxMs":4.821,"totalUnits":921600,"maxUnits":14592,"over2Ms":62,"over10Ms":0,"over50Ms":0},"preload.prepIds.yieldWait":{"calls":62,"totalMs":368.243,"maxMs":14.362,"totalUnits":0,"maxUnits":0,"over2Ms":51,"over10Ms":6,"over50Ms":0},"preload.extras.step":{"calls":3800,"totalMs":838.893,"maxMs":6.996,"totalUnits":928100,"maxUnits":256,"over2Ms":202,"over10Ms":0,"over50Ms":0},"preload.extras.slice":{"calls":406,"totalMs":848.187,"maxMs":6.996,"totalUnits":928100,"maxUnits":7424,"over2Ms":306,"over10Ms":0,"over50Ms":0},"preload.extras.yieldWait":{"calls":306,"totalMs":1916.554,"maxMs":23.133,"totalUnits":0,"maxUnits":0,"over2Ms":278,"over10Ms":43,"over50Ms":0},"preload.routes.step":{"calls":3700,"totalMs":342.281,"maxMs":6.143,"totalUnits":921600,"maxUnits":256,"over2Ms":3,"over10Ms":0,"over50Ms":0},"preload.routes.slice":{"calls":251,"totalMs":352.36,"maxMs":7.993,"totalUnits":921600,"maxUnits":6656,"over2Ms":151,"over10Ms":0,"over50Ms":0},"preload.routes.yieldWait":{"calls":151,"totalMs":1010.468,"maxMs":21.772,"totalUnits":0,"maxUnits":0,"over2Ms":135,"over10Ms":26,"over50Ms":0},"list.profile.step":{"calls":3650,"totalMs":763.072,"maxMs":6.049,"totalUnits":925600,"maxUnits":256,"over2Ms":3,"over10Ms":0,"over50Ms":0},"list.build.slice":{"calls":1508,"totalMs":3960.669,"maxMs":9.838,"totalUnits":2879100,"maxUnits":7936,"over2Ms":1459,"over10Ms":0,"over50Ms":0},"list.build.yieldWait":{"calls":1459,"totalMs":9010.62,"maxMs":24.992,"totalUnits":0,"maxUnits":0,"over2Ms":1315,"over10Ms":189,"over50Ms":0},"relations.index.step":{"calls":3650,"totalMs":466.103,"maxMs":3.289,"totalUnits":925600,"maxUnits":256,"over2Ms":26,"over10Ms":0,"over50Ms":0},"relations.missing.step":{"calls":200,"totalMs":18.63,"maxMs":0.482,"totalUnits":51150,"maxUnits":256,"over2Ms":0,"over10Ms":0,"over50Ms":0},"relations.pairs.step":{"calls":200,"totalMs":1063.305,"maxMs":9.838,"totalUnits":51150,"maxUnits":256,"over2Ms":200,"over10Ms":0,"over50Ms":0},"list.display.step":{"calls":3650,"totalMs":1580.131,"maxMs":3.81,"totalUnits":925600,"maxUnits":256,"over2Ms":12,"over10Ms":0,"over50Ms":0},"list.build.step":{"calls":50,"totalMs":1.79,"maxMs":0.343,"totalUnits":0,"maxUnits":0,"over2Ms":0,"over10Ms":0,"over50Ms":0},"list.sort.step":{"calls":34550,"totalMs":1329.561,"maxMs":3.373,"totalUnits":8744000,"maxUnits":256,"over2Ms":6,"over10Ms":0,"over50Ms":0},"list.sort.slice":{"calls":693,"totalMs":1391.135,"maxMs":4.825,"totalUnits":8744000,"maxUnits":38896,"over2Ms":643,"over10Ms":0,"over50Ms":0},"list.sort.yieldWait":{"calls":643,"totalMs":3866.79,"maxMs":21.181,"totalUnits":0,"maxUnits":0,"over2Ms":572,"over10Ms":73,"over50Ms":0},"stats.profile.step":{"calls":7050,"totalMs":2266.495,"maxMs":19.417,"totalUnits":1800000,"maxUnits":256,"over2Ms":22,"over10Ms":6,"over50Ms":0},"stats.count.step":{"calls":7050,"totalMs":2530.043,"maxMs":10.775,"totalUnits":1800000,"maxUnits":256,"over2Ms":26,"over10Ms":1,"over50Ms":0},"stats.reduce.slice":{"calls":2206,"totalMs":4914.011,"maxMs":19.418,"totalUnits":3600000,"maxUnits":2048,"over2Ms":2156,"over10Ms":9,"over50Ms":0},"stats.reduce.yieldWait":{"calls":2156,"totalMs":14499.567,"maxMs":67.856,"totalUnits":0,"maxUnits":0,"over2Ms":2039,"over10Ms":271,"over50Ms":3},"stats.reduce.step":{"calls":50,"totalMs":0.094,"maxMs":0.007,"totalUnits":0,"maxUnits":0,"over2Ms":0,"over10Ms":0,"over50Ms":0}},"workTimeline":{"pg.fetch.wall":[{"startMs":115298.933753,"endMs":115594.425848,"ms":295.49209499999415,"units":512},{"startMs":112228.08011,"endMs":112507.437254,"ms":279.3571440000087,"units":512},{"startMs":117851.629894,"endMs":118107.574662,"ms":255.9447680000012,"units":512},{"startMs":112435.601431,"endMs":112686.872534,"ms":251.27110299999185,"units":512},{"startMs":109476.934929,"endMs":109724.652537,"ms":247.7176080000063,"units":512},{"startMs":115437.280523,"endMs":115680.975186,"ms":243.69466300000204,"units":512},{"startMs":112515.259737,"endMs":112743.0673,"ms":227.80756299999484,"units":512},{"startMs":118433.810637,"endMs":118659.497227,"ms":225.68658999999752,"units":512},{"startMs":115228.324678,"endMs":115448.211771,"ms":219.88709299999755,"units":512},{"startMs":115561.359566,"endMs":115778.742733,"ms":217.38316700000723,"units":512},{"startMs":124288.542804,"endMs":124498.959501,"ms":210.41669700000784,"units":512},{"startMs":121180.635677,"endMs":121380.389383,"ms":199.75370600000315,"units":512},{"startMs":118574.278528,"endMs":118768.463918,"ms":194.18538999999873,"units":512},{"startMs":127089.118305,"endMs":127276.781929,"ms":187.66362400000799,"units":512},{"startMs":124119.010426,"endMs":124303.30434,"ms":184.29391400000895,"units":512},{"startMs":112425.191949,"endMs":112609.428953,"ms":184.23700399999507,"units":512},{"startMs":123070.519989,"endMs":123248.58673,"ms":178.06674100000237,"units":512},{"startMs":109586.732982,"endMs":109763.646101,"ms":176.91311900000437,"units":512},{"startMs":109522.039699,"endMs":109694.365374,"ms":172.32567500000005,"units":512},{"startMs":118459.942056,"endMs":118623.387461,"ms":163.44540500000585,"units":512},{"startMs":120591.144806,"endMs":120754.438201,"ms":163.2933950000006,"units":512},{"startMs":121350.308171,"endMs":121510.393283,"ms":160.08511200000066,"units":512},{"startMs":135678.162596,"endMs":135834.833611,"ms":156.6710149999999,"units":512},{"startMs":133082.163991,"endMs":133238.029714,"ms":155.86572299999534,"units":512},{"startMs":124499.216237,"endMs":124652.293053,"ms":153.0768160000007,"units":512},{"startMs":125419.898286,"endMs":125572.820698,"ms":152.9224119999999,"units":512},{"startMs":135032.654967,"endMs":135183.174795,"ms":150.5198279999895,"units":512},{"startMs":137022.638128,"endMs":137171.270467,"ms":148.6323390000034,"units":512},{"startMs":131803.614502,"endMs":131951.972449,"ms":148.35794699998223,"units":512},{"startMs":130732.820761,"endMs":130881.004015,"ms":148.18325400000322,"units":512},{"startMs":121115.603153,"endMs":121263.75697,"ms":148.15381699999853,"units":512},{"startMs":126508.980241,"endMs":126656.92519,"ms":147.944948999997,"units":512}],"pg.fetch.yieldWait":[{"startMs":114691.764131,"endMs":114724.03696,"ms":32.27282899999409,"units":0},{"startMs":123037.660375,"endMs":123068.040787,"ms":30.380411999998614,"units":0},{"startMs":114665.171203,"endMs":114691.789737,"ms":26.618533999993815,"units":0},{"startMs":138158.635128,"endMs":138183.629593,"ms":24.994464999996126,"units":0},{"startMs":108821.444164,"endMs":108844.353033,"ms":22.908869000006234,"units":0},{"startMs":126347.617366,"endMs":126370.07901,"ms":22.46164399999543,"units":0},{"startMs":123639.082117,"endMs":123661.367579,"ms":22.285461999999825,"units":0},{"startMs":136898.100486,"endMs":136920.254222,"ms":22.15373599997838,"units":0},{"startMs":120802.016638,"endMs":120823.192286,"ms":21.175648000004003,"units":0},{"startMs":140084.785495,"endMs":140105.341986,"ms":20.556491000024835,"units":0},{"startMs":120619.157604,"endMs":120639.192788,"ms":20.035183999993023,"units":0}],"eventLoop.tickGap":[{"startMs":118318.033724,"endMs":118418.066137,"ms":100.03241300000809,"units":0},{"startMs":123068.6309,"endMs":123153.117762,"ms":84.48686199999065,"units":0},{"startMs":126839.829203,"endMs":126919.749867,"ms":79.92066400000476,"units":0},{"startMs":123153.117762,"endMs":123224.34991,"ms":71.23214800001006,"units":0},{"startMs":123253.271015,"endMs":123303.811633,"ms":50.540617999999085,"units":0},{"startMs":131635.677999,"endMs":131685.881796,"ms":50.203796999994665,"units":0},{"startMs":140160.795807,"endMs":140207.250927,"ms":46.455119999998715,"units":0},{"startMs":140990.091094,"endMs":141034.995853,"ms":44.904758999997284,"units":0},{"startMs":131499.210702,"endMs":131543.369389,"ms":44.15868699998828,"units":0},{"startMs":120934.356923,"endMs":120978.187735,"ms":43.83081200000015,"units":0},{"startMs":114692.378334,"endMs":114733.905931,"ms":41.52759700000752,"units":0},{"startMs":142282.107033,"endMs":142322.246255,"ms":40.13922199999797,"units":0},{"startMs":111605.306181,"endMs":111643.743188,"ms":38.4370069999859,"units":0},{"startMs":140279.951351,"endMs":140317.79475,"ms":37.843399000004865,"units":0},{"startMs":135702.915569,"endMs":135740.474254,"ms":37.55868499999633,"units":0},{"startMs":113979.83863,"endMs":114016.684509,"ms":36.84587900000042,"units":0},{"startMs":123032.12889,"endMs":123068.6309,"ms":36.50200999999652,"units":0},{"startMs":125089.414032,"endMs":125125.14612,"ms":35.732088000004296,"units":0},{"startMs":117010.372868,"endMs":117045.964626,"ms":35.591757999995025,"units":0},{"startMs":130889.941397,"endMs":130925.473522,"ms":35.532124999997905,"units":0},{"startMs":136889.481751,"endMs":136923.633061,"ms":34.15130999998655,"units":0},{"startMs":135437.881444,"endMs":135471.273961,"ms":33.392517000000225,"units":0},{"startMs":131543.369389,"endMs":131576.564342,"ms":33.19495299999835,"units":0},{"startMs":119983.915355,"endMs":120016.599034,"ms":32.6836789999943,"units":0},{"startMs":140076.003024,"endMs":140108.073986,"ms":32.07096199999796,"units":0},{"startMs":134223.436403,"endMs":134255.191382,"ms":31.75497899999027,"units":0},{"startMs":112139.20495,"endMs":112170.378714,"ms":31.173764000006486,"units":0},{"startMs":110871.992409,"endMs":110902.971048,"ms":30.978639000008116,"units":0},{"startMs":117892.538455,"endMs":117922.979851,"ms":30.44139599999471,"units":0},{"startMs":128716.059577,"endMs":128746.42541,"ms":30.365832999988925,"units":0},{"startMs":113819.026673,"endMs":113849.360169,"ms":30.333496000006562,"units":0},{"startMs":126942.869264,"endMs":126972.845417,"ms":29.976153000010527,"units":0}],"gc.pause":[{"startMs":118323.077416,"endMs":118383.64777999841,"ms":60.570363998413086,"units":0},{"startMs":131636.056698,"endMs":131679.18743911939,"ms":43.130741119384766,"units":0},{"startMs":123253.663124,"endMs":123296.57386199133,"ms":42.91073799133301,"units":0},{"startMs":111611.936943,"endMs":111643.09368318859,"ms":31.156740188598633,"units":0},{"startMs":140280.369023,"endMs":140309.10533801198,"ms":28.73631501197815,"units":0},{"startMs":135708.147834,"endMs":135734.95531814994,"ms":26.80748414993286,"units":0},{"startMs":126846.070887,"endMs":126871.94312015238,"ms":25.872233152389526,"units":0},{"startMs":120942.397371,"endMs":120965.59495705957,"ms":23.197586059570312,"units":0},{"startMs":117900.206022,"endMs":117922.31628987758,"ms":22.110267877578735,"units":0},{"startMs":126943.304007,"endMs":126965.30011815456,"ms":21.996111154556274,"units":0},{"startMs":114748.042658,"endMs":114769.304895072,"ms":21.262237071990967,"units":0},{"startMs":117678.972668,"endMs":117699.82143909528,"ms":20.84877109527588,"units":0},{"startMs":112457.577142,"endMs":112477.92391991595,"ms":20.34677791595459,"units":0},{"startMs":114665.643022,"endMs":114685.89339011829,"ms":20.250368118286133,"units":0}]},"measurementClock":{"timeOrigin":1790426282685.526,"startMs":108518.999146,"endMs":143212.954925},"processCpu":{"userMs":34315.209,"systemMs":3200.272,"wallMs":34693.955778999996},"idleRoundTripMs":{"samples":10,"p50":1.561212999993586,"max":1.9154550000093877},"resultSignature":"d75a57c20695b67ee348505aa3c074ff1a05b769e5263b483f51a0285800423f","stageP95Ms":{"prepare_ms":181,"sql_ms":752,"preload_ms":291,"profile_ms":77,"relations_ms":114,"display_ms":160,"sort_ms":145,"preload_page_ms":53,"hydrate_ms":17,"stats_ms":1474.7054750000098,"stats_status_ms":16,"stats_candidates_ms":901,"stats_normalize_ms":44,"stats_auxiliary_ms":185,"stats_inputs_ms":1112,"stats_reuse_inputs_ms":0,"stats_provider_ms":0,"stats_profile_sync_ms":68.91431099997135,"stats_count_sync_ms":63.177740999963135,"stats_reduce_ms":519.4093860000139},"p50Ms":2723.5545240000065,"p95Ms":3029.5849489999964,"maxMs":3103.5671250000014,"lagP99Ms":32.194559,"lagMaxMs":100.073471,"rssPeakBytes":695721984,"heapPeakBytes":589838368,"queryCount":{"min":88,"p50":88,"max":88},"transactionStatements":{"min":4,"max":4},"errorCount":0,"timeoutCount":0,"errors":[],"ciSmokePassed":null,"lagTargetMet":false,"nasLatencyPassed":false,"contentStore":{"rows":36000,"bytes":55525548,"maxRows":50000,"maxBytes":67108864}}
PRB-PERF-CASE {"scope":"all","concurrency":1,"requests":50,"coldMs":2811.1226679999963,"expected":{"matched":34977,"total":36000,"dbTotal":120000,"pageIds":[900300001,900301025,900301026,900301027,900301028,900301029,900301030,900301031,900301032,900301033,900301034,900301035,900301036,900301037,900301038,900301039,900301040,900301041,900301042,900301043,900301044,900301045,900301046,900301047,900301048,900301049,900301050,900301051,900301052,900301053,900301054,900301055,900301056,900301057,900301058,900301059,900301060,900301061,900301062,900301063,900301064,900301065,900301066,900301067,900301068,900301069,900301070,900301071,900301072,900301073]},"workDiagnostics":{"pg.query.submitSync":{"calls":1250,"totalMs":638.928,"maxMs":3.487,"totalUnits":0,"maxUnits":0,"over2Ms":23,"over10Ms":0,"over50Ms":0},"pg.query.wall":{"calls":1250,"totalMs":2921.071,"maxMs":18.839,"totalUnits":8250,"maxUnits":51,"over2Ms":588,"over10Ms":4,"over50Ms":0},"eventLoop.tickGap":{"calls":5392,"totalMs":60881.121,"maxMs":46.877,"totalUnits":0,"maxUnits":0,"over2Ms":5392,"over10Ms":4184,"over50Ms":0},"pg.declare.submitSync":{"calls":100,"totalMs":67.785,"maxMs":3.672,"totalUnits":0,"maxUnits":0,"over2Ms":8,"over10Ms":0,"over50Ms":0},"pg.declare.wall":{"calls":100,"totalMs":348.325,"maxMs":12.29,"totalUnits":0,"maxUnits":0,"over2Ms":100,"over10Ms":2,"over50Ms":0},"pg.fetch.submitSync":{"calls":3600,"totalMs":1468.064,"maxMs":7.589,"totalUnits":0,"maxUnits":0,"over2Ms":45,"over10Ms":0,"over50Ms":0},"pg.fetch.wall":{"calls":3600,"totalMs":25496.427,"maxMs":108.144,"totalUnits":3600000,"maxUnits":1024,"over2Ms":3600,"over10Ms":142,"over50Ms":50},"stats.content.lookup.step":{"calls":8850,"totalMs":2235.002,"maxMs":4.839,"totalUnits":1800000,"maxUnits":256,"over2Ms":8,"over10Ms":0,"over50Ms":0},"stats.content.lookup.slice":{"calls":1869,"totalMs":2312.948,"maxMs":6.283,"totalUnits":1800000,"maxUnits":1024,"over2Ms":79,"over10Ms":0,"over50Ms":0},"pg.consumeValues.wall":{"calls":1800,"totalMs":2565.408,"maxMs":9.249,"totalUnits":1800000,"maxUnits":1024,"over2Ms":109,"over10Ms":0,"over50Ms":0},"pg.fetch.yieldWait":{"calls":3500,"totalMs":512.344,"maxMs":14.865,"totalUnits":0,"maxUnits":0,"over2Ms":22,"over10Ms":11,"over50Ms":0},"gc.pause":{"calls":395,"totalMs":2664.119,"maxMs":35.636,"totalUnits":0,"maxUnits":0,"over2Ms":382,"over10Ms":87,"over50Ms":0},"stats.normalize.step":{"calls":7100,"totalMs":341.042,"maxMs":1.405,"totalUnits":1800000,"maxUnits":256,"over2Ms":0,"over10Ms":0,"over50Ms":0},"stats.normalize.slice":{"calls":204,"totalMs":358.233,"maxMs":3.157,"totalUnits":1800000,"maxUnits":14848,"over2Ms":154,"over10Ms":0,"over50Ms":0},"stats.normalize.yieldWait":{"calls":154,"totalMs":90.748,"maxMs":14.407,"totalUnits":0,"maxUnits":0,"over2Ms":6,"over10Ms":2,"over50Ms":0},"pg.countListings.submitSync":{"calls":50,"totalMs":17.595,"maxMs":1.481,"totalUnits":0,"maxUnits":0,"over2Ms":0,"over10Ms":0,"over50Ms":0},"pg.countListings.wall":{"calls":50,"totalMs":4440.318,"maxMs":136.213,"totalUnits":50,"maxUnits":1,"over2Ms":50,"over10Ms":50,"over50Ms":50},"pg.appendRows.sync":{"calls":1800,"totalMs":103.746,"maxMs":0.999,"totalUnits":1800000,"maxUnits":1024,"over2Ms":0,"over10Ms":0,"over50Ms":0},"cooperative.step":{"calls":21250,"totalMs":2240.456,"maxMs":5.648,"totalUnits":3600000,"maxUnits":256,"over2Ms":69,"over10Ms":0,"over50Ms":0},"cooperative.slice":{"calls":1084,"totalMs":2311.649,"maxMs":6.746,"totalUnits":3600000,"maxUnits":13216,"over2Ms":935,"over10Ms":0,"over50Ms":0},"cooperative.yieldWait":{"calls":935,"totalMs":469.494,"maxMs":23.845,"totalUnits":0,"maxUnits":0,"over2Ms":21,"over10Ms":19,"over50Ms":0},"preload.ids.step":{"calls":7100,"totalMs":2161.895,"maxMs":9.818,"totalUnits":1792000,"maxUnits":256,"over2Ms":107,"over10Ms":0,"over50Ms":0},"preload.ids.slice":{"calls":910,"totalMs":2202.729,"maxMs":11.111,"totalUnits":1792000,"maxUnits":4352,"over2Ms":810,"over10Ms":1,"over50Ms":0},"preload.ids.yieldWait":{"calls":810,"totalMs":318.018,"maxMs":16.758,"totalUnits":0,"maxUnits":0,"over2Ms":11,"over10Ms":8,"over50Ms":0},"preload.relations.step":{"calls":7100,"totalMs":308.667,"maxMs":2.215,"totalUnits":1792000,"maxUnits":256,"over2Ms":1,"over10Ms":0,"over50Ms":0},"preload.relations.slice":{"calls":229,"totalMs":323.891,"maxMs":2.92,"totalUnits":1792000,"maxUnits":15872,"over2Ms":129,"over10Ms":0,"over50Ms":0},"preload.relations.yieldWait":{"calls":129,"totalMs":85.339,"maxMs":14.674,"totalUnits":0,"maxUnits":0,"over2Ms":5,"over10Ms":4,"over50Ms":0},"preload.prepIds.step":{"calls":7100,"totalMs":422.221,"maxMs":1.207,"totalUnits":1792000,"maxUnits":256,"over2Ms":0,"over10Ms":0,"over50Ms":0},"preload.prepIds.slice":{"calls":292,"totalMs":437.35,"maxMs":2.646,"totalUnits":1792000,"maxUnits":16384,"over2Ms":192,"over10Ms":0,"over50Ms":0},"preload.prepIds.yieldWait":{"calls":192,"totalMs":82.333,"maxMs":13.854,"totalUnits":0,"maxUnits":0,"over2Ms":5,"over10Ms":2,"over50Ms":0},"preload.extras.step":{"calls":7200,"totalMs":783.296,"maxMs":5.189,"totalUnits":1802500,"maxUnits":256,"over2Ms":200,"over10Ms":0,"over50Ms":0},"preload.extras.slice":{"calls":406,"totalMs":798.215,"maxMs":5.19,"totalUnits":1802500,"maxUnits":15616,"over2Ms":307,"over10Ms":0,"over50Ms":0},"preload.extras.yieldWait":{"calls":307,"totalMs":172.627,"maxMs":18.823,"totalUnits":0,"maxUnits":0,"over2Ms":10,"over10Ms":5,"over50Ms":0},"preload.routes.step":{"calls":7100,"totalMs":431.357,"maxMs":2.816,"totalUnits":1792000,"maxUnits":256,"over2Ms":2,"over10Ms":0,"over50Ms":0},"preload.routes.slice":{"calls":288,"totalMs":447.299,"maxMs":4.269,"totalUnits":1792000,"maxUnits":10496,"over2Ms":188,"over10Ms":0,"over50Ms":0},"preload.routes.yieldWait":{"calls":188,"totalMs":100.228,"maxMs":20.76,"totalUnits":0,"maxUnits":0,"over2Ms":5,"over10Ms":3,"over50Ms":0},"list.profile.step":{"calls":7050,"totalMs":1345.44,"maxMs":3.809,"totalUnits":1800000,"maxUnits":256,"over2Ms":4,"over10Ms":0,"over50Ms":0},"list.build.slice":{"calls":1786,"totalMs":4698.451,"maxMs":21.623,"totalUnits":5502300,"maxUnits":8192,"over2Ms":1736,"over10Ms":1,"over50Ms":0},"list.build.yieldWait":{"calls":1736,"totalMs":929.924,"maxMs":31.929,"totalUnits":0,"maxUnits":0,"over2Ms":95,"over10Ms":5,"over50Ms":0},"relations.index.step":{"calls":7050,"totalMs":1002.387,"maxMs":6.319,"totalUnits":1800000,"maxUnits":256,"over2Ms":68,"over10Ms":0,"over50Ms":0},"relations.missing.step":{"calls":200,"totalMs":23.274,"maxMs":0.344,"totalUnits":51150,"maxUnits":256,"over2Ms":0,"over10Ms":0,"over50Ms":0},"relations.pairs.step":{"calls":200,"totalMs":1114.365,"maxMs":21.623,"totalUnits":51150,"maxUnits":256,"over2Ms":200,"over10Ms":1,"over50Ms":0},"list.display.step":{"calls":7050,"totalMs":1111.688,"maxMs":7.631,"totalUnits":1800000,"maxUnits":256,"over2Ms":9,"over10Ms":0,"over50Ms":0},"list.build.step":{"calls":50,"totalMs":1.498,"maxMs":0.156,"totalUnits":0,"maxUnits":0,"over2Ms":0,"over10Ms":0,"over50Ms":0},"list.sort.step":{"calls":75400,"totalMs":2458.986,"maxMs":5.065,"totalUnits":19237350,"maxUnits":256,"over2Ms":12,"over10Ms":0,"over50Ms":0},"list.sort.slice":{"calls":1255,"totalMs":2583.301,"maxMs":6.085,"totalUnits":19237350,"maxUnits":40865,"over2Ms":1205,"over10Ms":0,"over50Ms":0},"list.sort.yieldWait":{"calls":1205,"totalMs":347.069,"maxMs":25.285,"totalUnits":0,"maxUnits":0,"over2Ms":24,"over10Ms":1,"over50Ms":0},"stats.profile.step":{"calls":7050,"totalMs":2100.896,"maxMs":4.066,"totalUnits":1800000,"maxUnits":256,"over2Ms":12,"over10Ms":0,"over50Ms":0},"stats.count.step":{"calls":7050,"totalMs":2368.445,"maxMs":4.669,"totalUnits":1800000,"maxUnits":256,"over2Ms":13,"over10Ms":0,"over50Ms":0},"stats.reduce.slice":{"calls":2122,"totalMs":4580.527,"maxMs":5.754,"totalUnits":3600000,"maxUnits":2048,"over2Ms":2072,"over10Ms":0,"over50Ms":0},"stats.reduce.yieldWait":{"calls":2072,"totalMs":925.989,"maxMs":37.101,"totalUnits":0,"maxUnits":0,"over2Ms":126,"over10Ms":3,"over50Ms":0},"stats.reduce.step":{"calls":50,"totalMs":0.094,"maxMs":0.005,"totalUnits":0,"maxUnits":0,"over2Ms":0,"over10Ms":0,"over50Ms":0},"stats.content.lookup.yieldWait":{"calls":79,"totalMs":12.356,"maxMs":0.726,"totalUnits":0,"maxUnits":0,"over2Ms":0,"over10Ms":0,"over50Ms":0}},"workTimeline":{"pg.fetch.wall":[{"startMs":154165.783976,"endMs":154273.927862,"ms":108.1438860000053,"units":512},{"startMs":192167.528319,"endMs":192269.767434,"ms":102.23911500000395,"units":512},{"startMs":186193.106557,"endMs":186295.139099,"ms":102.03254200000083,"units":512},{"startMs":184993.518941,"endMs":185093.348276,"ms":99.82933500001673,"units":512},{"startMs":187363.059983,"endMs":187462.359921,"ms":99.29993799998192,"units":512},{"startMs":161563.548317,"endMs":161662.348934,"ms":98.80061700000078,"units":512},{"startMs":197017.407872,"endMs":197115.936983,"ms":98.52911099998164,"units":512},{"startMs":164159.017896,"endMs":164257.178336,"ms":98.16044000000693,"units":512},{"startMs":173980.074887,"endMs":174077.555829,"ms":97.48094199999468,"units":512},{"startMs":169077.845874,"endMs":169174.501085,"ms":96.65521100000478,"units":512},{"startMs":180126.230163,"endMs":180221.827731,"ms":95.59756799999741,"units":512},{"startMs":183705.39256,"endMs":183800.971144,"ms":95.57858400000259,"units":512},{"startMs":189859.610798,"endMs":189955.118387,"ms":95.50758899998618,"units":512},{"startMs":195874.820748,"endMs":195970.24101,"ms":95.42026199999964,"units":512},{"startMs":157946.984879,"endMs":158041.92047,"ms":94.93559100001585,"units":512},{"startMs":198213.456364,"endMs":198307.713133,"ms":94.25676899999962,"units":512},{"startMs":162939.074866,"endMs":163033.278156,"ms":94.20328999997582,"units":512},{"startMs":212642.452951,"endMs":212736.527835,"ms":94.07488399997237,"units":512},{"startMs":167807.089515,"endMs":167901.150189,"ms":94.06067400000757,"units":512},{"startMs":159227.660416,"endMs":159321.290419,"ms":93.6300029999984,"units":512},{"startMs":160406.281034,"endMs":160499.501589,"ms":93.22055499997805,"units":512},{"startMs":166523.440535,"endMs":166616.435987,"ms":92.99545200000284,"units":512},{"startMs":155419.284702,"endMs":155512.242478,"ms":92.95777599999565,"units":512},{"startMs":156681.847187,"endMs":156774.626434,"ms":92.77924699999858,"units":512},{"startMs":205310.046696,"endMs":205402.637104,"ms":92.59040799998911,"units":512},{"startMs":193487.521825,"endMs":193579.950753,"ms":92.42892800000845,"units":512},{"startMs":211453.865427,"endMs":211546.117453,"ms":92.25202600000193,"units":512},{"startMs":199417.723161,"endMs":199509.769353,"ms":92.04619200000889,"units":512},{"startMs":175226.887046,"endMs":175318.929957,"ms":92.04291099999682,"units":512},{"startMs":172820.087815,"endMs":172912.110234,"ms":92.02241899998626,"units":512},{"startMs":178876.48709,"endMs":178968.490075,"ms":92.00298499999917,"units":512},{"startMs":194674.041808,"endMs":194766.012455,"ms":91.97064699998009,"units":512}],"eventLoop.tickGap":[{"startMs":158601.757259,"endMs":158648.633897,"ms":46.876637999987,"units":0},{"startMs":172096.194727,"endMs":172141.869186,"ms":45.67445900000166,"units":0},{"startMs":192872.826403,"endMs":192918.415913,"ms":45.589509999990696,"units":0},{"startMs":205953.321319,"endMs":205996.487553,"ms":43.1662340000039,"units":0},{"startMs":184386.722641,"endMs":184429.809345,"ms":43.08670399998664,"units":0},{"startMs":210672.621776,"endMs":210712.622637,"ms":40.00086099997861,"units":0},{"startMs":172141.869186,"endMs":172181.396487,"ms":39.52730099999462,"units":0},{"startMs":189254.17689,"endMs":189293.459505,"ms":39.282615000003716,"units":0},{"startMs":205611.773083,"endMs":205650.48273,"ms":38.70964699998149,"units":0},{"startMs":156010.40466,"endMs":156048.576823,"ms":38.17216300001019,"units":0},{"startMs":202421.996849,"endMs":202459.562426,"ms":37.56557700000121,"units":0},{"startMs":154807.072015,"endMs":154844.317692,"ms":37.24567699999898,"units":0},{"startMs":162284.512719,"endMs":162321.628048,"ms":37.11532900002203,"units":0},{"startMs":209591.175848,"endMs":209627.232653,"ms":36.05680500000017,"units":0},{"startMs":169694.847398,"endMs":169730.288881,"ms":35.44148299997323,"units":0},{"startMs":167314.993397,"endMs":167348.418235,"ms":33.42483799997717,"units":0},{"startMs":176973.718603,"endMs":177007.069817,"ms":33.3512140000239,"units":0},{"startMs":192806.557639,"endMs":192839.887511,"ms":33.32987200000207,"units":0},{"startMs":208471.989735,"endMs":208505.101258,"ms":33.11152299999958,"units":0},{"startMs":198808.729444,"endMs":198841.672339,"ms":32.94289500001469,"units":0},{"startMs":195247.426008,"endMs":195280.293138,"ms":32.867129999998724,"units":0},{"startMs":179457.568901,"endMs":179490.396283,"ms":32.82738200001768,"units":0},{"startMs":190463.318507,"endMs":190495.922425,"ms":32.60391800000798,"units":0},{"startMs":174541.921566,"endMs":174574.234323,"ms":32.31275700000697,"units":0},{"startMs":203613.020418,"endMs":203645.219054,"ms":32.198635999986436,"units":0},{"startMs":186773.367879,"endMs":186805.277885,"ms":31.91000599999097,"units":0},{"startMs":178265.546363,"endMs":178297.392209,"ms":31.84584600001108,"units":0},{"startMs":157502.910678,"endMs":157534.619014,"ms":31.708336000010604,"units":0},{"startMs":210853.992307,"endMs":210885.591869,"ms":31.59956199998851,"units":0},{"startMs":183172.12095,"endMs":183203.175571,"ms":31.0546209999884,"units":0},{"startMs":173384.275881,"endMs":173415.318375,"ms":31.042493999993894,"units":0},{"startMs":164767.081301,"endMs":164797.95392,"ms":30.872619000001578,"units":0}],"gc.pause":[{"startMs":172142.320587,"endMs":172177.95624502574,"ms":35.63565802574158,"units":0},{"startMs":210672.954749,"endMs":210703.5268491625,"ms":30.572100162506104,"units":0},{"startMs":167320.643287,"endMs":167347.7531970113,"ms":27.109910011291504,"units":0},{"startMs":197991.080087,"endMs":198016.5425398885,"ms":25.46245288848877,"units":0},{"startMs":192812.332993,"endMs":192836.96453878208,"ms":24.631545782089233,"units":0},{"startMs":206503.473708,"endMs":206526.7667859457,"ms":23.29307794570923,"units":0},{"startMs":205620.91177,"endMs":205644.1855360408,"ms":23.273766040802002,"units":0},{"startMs":178080.633066,"endMs":178103.75848990824,"ms":23.125423908233643,"units":0},{"startMs":185214.152014,"endMs":185237.23274586874,"ms":23.080731868743896,"units":0},{"startMs":162167.323416,"endMs":162190.3065910393,"ms":22.983175039291382,"units":0},{"startMs":183175.096681,"endMs":183197.9530199778,"ms":22.85633897781372,"units":0},{"startMs":157512.672012,"endMs":157534.01581898204,"ms":21.343806982040405,"units":0},{"startMs":183880.556241,"endMs":183901.28189893992,"ms":20.72565793991089,"units":0},{"startMs":188116.481184,"endMs":188136.82481789016,"ms":20.343633890151978,"units":0},{"startMs":202186.53044,"endMs":202206.6168331179,"ms":20.086393117904663,"units":0},{"startMs":171648.160715,"endMs":171668.2024120253,"ms":20.041697025299072,"units":0}]},"measurementClock":{"timeOrigin":1790426282685.526,"startMs":153663.994353,"endMs":214533.651112},"processCpu":{"userMs":43215.106,"systemMs":4953.065,"wallMs":60869.656759000005},"idleRoundTripMs":{"samples":10,"p50":1.5014000000082888,"max":4.596745999995619},"resultSignature":"b1a872a9e9aa4c7494129d315fcb89bc043d72db39d5bfa8506b93c35169cbf7","stageP95Ms":{"prepare_ms":0,"sql_ms":334,"preload_ms":136,"profile_ms":49,"relations_ms":59,"display_ms":37,"sort_ms":80,"preload_page_ms":30,"hydrate_ms":33,"stats_ms":651.7614860000322,"stats_status_ms":5,"stats_candidates_ms":393,"stats_normalize_ms":17,"stats_auxiliary_ms":131,"stats_inputs_ms":518,"stats_reuse_inputs_ms":0,"stats_provider_ms":0,"stats_profile_sync_ms":52.58124499992118,"stats_count_sync_ms":52.85378199999104,"stats_reduce_ms":172.27706100000069},"p50Ms":1195.2768339999893,"p95Ms":1326.3885710000177,"maxMs":1369.0762670000258,"lagP99Ms":26.558463,"lagMaxMs":46.989311,"rssPeakBytes":694304768,"heapPeakBytes":394305416,"queryCount":{"min":96,"p50":96,"max":96},"transactionStatements":{"min":4,"max":4},"errorCount":0,"timeoutCount":0,"errors":[],"ciSmokePassed":true,"lagTargetMet":true,"nasLatencyPassed":true,"contentStore":{"rows":36000,"bytes":55525548,"maxRows":50000,"maxBytes":67108864}}
PRB-PERF-CASE {"scope":"all","concurrency":4,"requests":50,"coldMs":2744.9138109999767,"expected":{"matched":34977,"total":36000,"dbTotal":120000,"pageIds":[900300001,900301025,900301026,900301027,900301028,900301029,900301030,900301031,900301032,900301033,900301034,900301035,900301036,900301037,900301038,900301039,900301040,900301041,900301042,900301043,900301044,900301045,900301046,900301047,900301048,900301049,900301050,900301051,900301052,900301053,900301054,900301055,900301056,900301057,900301058,900301059,900301060,900301061,900301062,900301063,900301064,900301065,900301066,900301067,900301068,900301069,900301070,900301071,900301072,900301073]},"workDiagnostics":{"pg.query.submitSync":{"calls":1250,"totalMs":471.65,"maxMs":3.376,"totalUnits":0,"maxUnits":0,"over2Ms":12,"over10Ms":0,"over50Ms":0},"pg.query.wall":{"calls":1250,"totalMs":9287.485,"maxMs":59.33,"totalUnits":8250,"maxUnits":51,"over2Ms":1187,"over10Ms":206,"over50Ms":1},"eventLoop.tickGap":{"calls":2723,"totalMs":41067.687,"maxMs":101.511,"totalUnits":0,"maxUnits":0,"over2Ms":2723,"over10Ms":2481,"over50Ms":9},"pg.declare.submitSync":{"calls":100,"totalMs":50.165,"maxMs":3.142,"totalUnits":0,"maxUnits":0,"over2Ms":5,"over10Ms":0,"over50Ms":0},"pg.declare.wall":{"calls":100,"totalMs":721.717,"maxMs":18.491,"totalUnits":0,"maxUnits":0,"over2Ms":100,"over10Ms":16,"over50Ms":0},"pg.fetch.submitSync":{"calls":3600,"totalMs":1028.621,"maxMs":3.638,"totalUnits":0,"maxUnits":0,"over2Ms":26,"over10Ms":0,"over50Ms":0},"pg.fetch.wall":{"calls":3600,"totalMs":51311.609,"maxMs":226.23,"totalUnits":3600000,"maxUnits":1024,"over2Ms":3600,"over10Ms":2265,"over50Ms":68},"stats.content.lookup.step":{"calls":8850,"totalMs":2270.599,"maxMs":6.971,"totalUnits":1800000,"maxUnits":256,"over2Ms":21,"over10Ms":0,"over50Ms":0},"stats.content.lookup.slice":{"calls":1863,"totalMs":2349.8,"maxMs":7.547,"totalUnits":1800000,"maxUnits":1024,"over2Ms":71,"over10Ms":0,"over50Ms":0},"pg.consumeValues.wall":{"calls":1800,"totalMs":2857.655,"maxMs":51.533,"totalUnits":1800000,"maxUnits":1024,"over2Ms":112,"over10Ms":11,"over50Ms":1},"pg.fetch.yieldWait":{"calls":3500,"totalMs":12112.305,"maxMs":61.005,"totalUnits":0,"maxUnits":0,"over2Ms":2189,"over10Ms":164,"over50Ms":1},"stats.content.lookup.yieldWait":{"calls":71,"totalMs":260.631,"maxMs":20.579,"totalUnits":0,"maxUnits":0,"over2Ms":37,"over10Ms":8,"over50Ms":0},"gc.pause":{"calls":375,"totalMs":2984.021,"maxMs":60.95,"totalUnits":0,"maxUnits":0,"over2Ms":371,"over10Ms":89,"over50Ms":2},"stats.normalize.step":{"calls":7100,"totalMs":351.196,"maxMs":4.166,"totalUnits":1800000,"maxUnits":256,"over2Ms":3,"over10Ms":0,"over50Ms":0},"stats.normalize.slice":{"calls":205,"totalMs":369.478,"maxMs":5.617,"totalUnits":1800000,"maxUnits":14848,"over2Ms":155,"over10Ms":0,"over50Ms":0},"stats.normalize.yieldWait":{"calls":155,"totalMs":786.578,"maxMs":24.795,"totalUnits":0,"maxUnits":0,"over2Ms":126,"over10Ms":8,"over50Ms":0},"pg.countListings.submitSync":{"calls":50,"totalMs":14.221,"maxMs":0.967,"totalUnits":0,"maxUnits":0,"over2Ms":0,"over10Ms":0,"over50Ms":0},"pg.countListings.wall":{"calls":50,"totalMs":4902.626,"maxMs":212.04,"totalUnits":50,"maxUnits":1,"over2Ms":50,"over10Ms":50,"over50Ms":46},"pg.appendRows.sync":{"calls":1800,"totalMs":113.642,"maxMs":1.435,"totalUnits":1800000,"maxUnits":1024,"over2Ms":0,"over10Ms":0,"over50Ms":0},"cooperative.step":{"calls":21250,"totalMs":2487.248,"maxMs":8.579,"totalUnits":3600000,"maxUnits":256,"over2Ms":103,"over10Ms":0,"over50Ms":0},"cooperative.slice":{"calls":1179,"totalMs":2561.349,"maxMs":9.29,"totalUnits":3600000,"maxUnits":11776,"over2Ms":1029,"over10Ms":0,"over50Ms":0},"cooperative.yieldWait":{"calls":1029,"totalMs":7023.053,"maxMs":68.583,"totalUnits":0,"maxUnits":0,"over2Ms":993,"over10Ms":140,"over50Ms":3},"preload.ids.step":{"calls":7100,"totalMs":2256.72,"maxMs":9.704,"totalUnits":1792000,"maxUnits":256,"over2Ms":111,"over10Ms":0,"over50Ms":0},"preload.ids.slice":{"calls":949,"totalMs":2302.233,"maxMs":10.344,"totalUnits":1792000,"maxUnits":4352,"over2Ms":849,"over10Ms":1,"over50Ms":0},"preload.ids.yieldWait":{"calls":849,"totalMs":5999.565,"maxMs":41.738,"totalUnits":0,"maxUnits":0,"over2Ms":837,"over10Ms":115,"over50Ms":0},"preload.relations.step":{"calls":7100,"totalMs":299.938,"maxMs":4.699,"totalUnits":1792000,"maxUnits":256,"over2Ms":5,"over10Ms":0,"over50Ms":0},"preload.relations.slice":{"calls":223,"totalMs":315.457,"maxMs":4.906,"totalUnits":1792000,"maxUnits":15872,"over2Ms":123,"over10Ms":0,"over50Ms":0},"preload.relations.yieldWait":{"calls":123,"totalMs":1033.926,"maxMs":53.456,"totalUnits":0,"maxUnits":0,"over2Ms":119,"over10Ms":31,"over50Ms":1},"preload.prepIds.step":{"calls":7100,"totalMs":408.001,"maxMs":1.773,"totalUnits":1792000,"maxUnits":256,"over2Ms":0,"over10Ms":0,"over50Ms":0},"preload.prepIds.slice":{"calls":279,"totalMs":422.983,"maxMs":2.642,"totalUnits":1792000,"maxUnits":14592,"over2Ms":179,"over10Ms":0,"over50Ms":0},"preload.prepIds.yieldWait":{"calls":179,"totalMs":1304.035,"maxMs":52.233,"totalUnits":0,"maxUnits":0,"over2Ms":177,"over10Ms":24,"over50Ms":1},"preload.extras.step":{"calls":7200,"totalMs":784.054,"maxMs":3.969,"totalUnits":1802500,"maxUnits":256,"over2Ms":200,"over10Ms":0,"over50Ms":0},"preload.extras.slice":{"calls":408,"totalMs":798.405,"maxMs":3.969,"totalUnits":1802500,"maxUnits":15104,"over2Ms":308,"over10Ms":0,"over50Ms":0},"preload.extras.yieldWait":{"calls":308,"totalMs":2317.957,"maxMs":41.313,"totalUnits":0,"maxUnits":0,"over2Ms":305,"over10Ms":47,"over50Ms":0},"preload.routes.step":{"calls":7100,"totalMs":393.763,"maxMs":3.69,"totalUnits":1792000,"maxUnits":256,"over2Ms":2,"over10Ms":0,"over50Ms":0},"preload.routes.slice":{"calls":267,"totalMs":409.854,"maxMs":3.759,"totalUnits":1792000,"maxUnits":10240,"over2Ms":167,"over10Ms":0,"over50Ms":0},"preload.routes.yieldWait":{"calls":167,"totalMs":1261.628,"maxMs":18.838,"totalUnits":0,"maxUnits":0,"over2Ms":167,"over10Ms":31,"over50Ms":0},"list.profile.step":{"calls":7050,"totalMs":1527.576,"maxMs":47.836,"totalUnits":1800000,"maxUnits":256,"over2Ms":22,"over10Ms":8,"over50Ms":0},"list.build.slice":{"calls":1838,"totalMs":4957.438,"maxMs":47.837,"totalUnits":5502300,"maxUnits":7680,"over2Ms":1790,"over10Ms":11,"over50Ms":0},"list.build.yieldWait":{"calls":1790,"totalMs":14534.874,"maxMs":98.177,"totalUnits":0,"maxUnits":0,"over2Ms":1785,"over10Ms":416,"over50Ms":7},"relations.index.step":{"calls":7050,"totalMs":1058.607,"maxMs":5.483,"totalUnits":1800000,"maxUnits":256,"over2Ms":81,"over10Ms":0,"over50Ms":0},"relations.missing.step":{"calls":200,"totalMs":24.014,"maxMs":0.33,"totalUnits":51150,"maxUnits":256,"over2Ms":0,"over10Ms":0,"over50Ms":0},"relations.pairs.step":{"calls":200,"totalMs":1150.347,"maxMs":32.152,"totalUnits":51150,"maxUnits":256,"over2Ms":200,"over10Ms":3,"over50Ms":0},"list.display.step":{"calls":7050,"totalMs":1090.341,"maxMs":1.591,"totalUnits":1800000,"maxUnits":256,"over2Ms":0,"over10Ms":0,"over50Ms":0},"list.build.step":{"calls":50,"totalMs":1.418,"maxMs":0.089,"totalUnits":0,"maxUnits":0,"over2Ms":0,"over10Ms":0,"over50Ms":0},"list.sort.step":{"calls":75400,"totalMs":2439.772,"maxMs":5.506,"totalUnits":19237350,"maxUnits":256,"over2Ms":10,"over10Ms":0,"over50Ms":0},"list.sort.slice":{"calls":1248,"totalMs":2563.896,"maxMs":6.935,"totalUnits":19237350,"maxUnits":39329,"over2Ms":1198,"over10Ms":0,"over50Ms":0},"list.sort.yieldWait":{"calls":1198,"totalMs":9457.819,"maxMs":57.79,"totalUnits":0,"maxUnits":0,"over2Ms":1194,"over10Ms":190,"over50Ms":2},"stats.profile.step":{"calls":7050,"totalMs":2076.426,"maxMs":10.427,"totalUnits":1800000,"maxUnits":256,"over2Ms":12,"over10Ms":1,"over50Ms":0},"stats.count.step":{"calls":7050,"totalMs":2401.169,"maxMs":10.747,"totalUnits":1800000,"maxUnits":256,"over2Ms":17,"over10Ms":1,"over50Ms":0},"stats.reduce.slice":{"calls":2116,"totalMs":4583.828,"maxMs":11.513,"totalUnits":3600000,"maxUnits":2048,"over2Ms":2066,"over10Ms":2,"over50Ms":0},"stats.reduce.yieldWait":{"calls":2066,"totalMs":15607.391,"maxMs":47.91,"totalUnits":0,"maxUnits":0,"over2Ms":1989,"over10Ms":318,"over50Ms":0},"stats.reduce.step":{"calls":50,"totalMs":0.124,"maxMs":0.014,"totalUnits":0,"maxUnits":0,"over2Ms":0,"over10Ms":0,"over50Ms":0}},"workTimeline":{"pg.fetch.wall":[{"startMs":239146.419894,"endMs":239372.649692,"ms":226.22979800001485,"units":512},{"startMs":262361.935631,"endMs":262572.436711,"ms":210.50108000001637,"units":512},{"startMs":268475.586821,"endMs":268671.014758,"ms":195.42793700000038,"units":512},{"startMs":245814.617193,"endMs":245998.299172,"ms":183.6819789999863,"units":512},{"startMs":239061.730752,"endMs":239244.248965,"ms":182.51821300000302,"units":512},{"startMs":242511.797507,"endMs":242683.040155,"ms":171.2426479999849,"units":512},{"startMs":245808.997816,"endMs":245969.246973,"ms":160.24915700001293,"units":512},{"startMs":249092.180708,"endMs":249250.665961,"ms":158.48525299999164,"units":512},{"startMs":239228.920739,"endMs":239385.586439,"ms":156.6657000000123,"units":512},{"startMs":248896.281892,"endMs":249052.804286,"ms":156.52239399999962,"units":512},{"startMs":265837.368452,"endMs":265992.419351,"ms":155.05089899996528,"units":512},{"startMs":245964.118545,"endMs":246118.541462,"ms":154.42291699998896,"units":512},{"startMs":235952.289166,"endMs":236105.665052,"ms":153.37588599999435,"units":512},{"startMs":235899.081698,"endMs":236051.348742,"ms":152.26704400000744,"units":512},{"startMs":239214.753789,"endMs":239365.63243,"ms":150.87864099998842,"units":512},{"startMs":235936.437097,"endMs":236080.395492,"ms":143.9583950000233,"units":512},{"startMs":252128.878426,"endMs":252266.032891,"ms":137.15446499999962,"units":512},{"startMs":261759.548694,"endMs":261893.918846,"ms":134.3701519999886,"units":512},{"startMs":255826.557841,"endMs":255959.293244,"ms":132.73540299999877,"units":512},{"startMs":272427.307124,"endMs":272558.311833,"ms":131.00470900000073,"units":512},{"startMs":259100.578816,"endMs":259230.473509,"ms":129.89469300000928,"units":512},{"startMs":239348.803916,"endMs":239477.722314,"ms":128.9183980000089,"units":1024},{"startMs":265195.853076,"endMs":265323.559633,"ms":127.7065569999977,"units":512},{"startMs":252511.43112,"endMs":252638.829006,"ms":127.39788600002066,"units":512},{"startMs":271660.012121,"endMs":271784.865011,"ms":124.85289000003831,"units":512},{"startMs":271727.174317,"endMs":271851.776581,"ms":124.60226399998646,"units":512},{"startMs":269148.77299,"endMs":269272.605525,"ms":123.8325349999941,"units":512},{"startMs":272450.918871,"endMs":272573.733241,"ms":122.81436999997823,"units":512},{"startMs":255318.336775,"endMs":255440.878196,"ms":122.54142100000172,"units":512},{"startMs":246037.213514,"endMs":246159.534118,"ms":122.32060400000773,"units":512},{"startMs":252115.651635,"endMs":252236.489165,"ms":120.83753000001889,"units":512},{"startMs":248900.526464,"endMs":249020.207635,"ms":119.68117100000381,"units":512}],"eventLoop.tickGap":[{"startMs":243879.064265,"endMs":243980.575564,"ms":101.51129900000524,"units":0},{"startMs":239386.813848,"endMs":239481.248936,"ms":94.43508799999836,"units":0},{"startMs":250001.122495,"endMs":250071.503142,"ms":70.38064700001269,"units":0},{"startMs":260268.248978,"endMs":260336.136758,"ms":67.88778000001912,"units":0},{"startMs":254621.851642,"endMs":254683.370339,"ms":61.518696999992244,"units":0},{"startMs":263487.849248,"endMs":263549.227663,"ms":61.37841499998467,"units":0},{"startMs":269541.566115,"endMs":269597.466724,"ms":55.9006090000039,"units":0},{"startMs":244430.025722,"endMs":244480.164743,"ms":50.13902100000996,"units":0},{"startMs":254704.308488,"endMs":254754.400256,"ms":50.09176799998386,"units":0},{"startMs":241137.341246,"endMs":241186.182244,"ms":48.84099799999967,"units":0},{"startMs":273887.545891,"endMs":273935.368117,"ms":47.82222599996021,"units":0},{"startMs":249891.599486,"endMs":249939.322199,"ms":47.722712999995565,"units":0},{"startMs":267904.872236,"endMs":267951.337736,"ms":46.46549999999115,"units":0},{"startMs":257064.791499,"endMs":257110.197651,"ms":45.406151999981375,"units":0},{"startMs":270204.493835,"endMs":270249.548053,"ms":45.05421800003387,"units":0},{"startMs":264668.119054,"endMs":264712.55018,"ms":44.43112600001041,"units":0},{"startMs":253694.636483,"endMs":253738.574507,"ms":43.93802400000277,"units":0},{"startMs":263332.125306,"endMs":263375.995977,"ms":43.870670999982394,"units":0},{"startMs":267768.23351,"endMs":267812.082242,"ms":43.84873199998401,"units":0},{"startMs":247910.827478,"endMs":247954.243267,"ms":43.415789000020595,"units":0},{"startMs":258793.957304,"endMs":258836.767575,"ms":42.81027099999483,"units":0},{"startMs":254462.813891,"endMs":254505.567152,"ms":42.753261000005296,"units":0},{"startMs":244639.8613,"endMs":244682.538672,"ms":42.67737200000556,"units":0},{"startMs":261374.431104,"endMs":261416.476399,"ms":42.045295000018086,"units":0},{"startMs":254805.433744,"endMs":254847.262693,"ms":41.828948999987915,"units":0},{"startMs":266773.228093,"endMs":266814.87019,"ms":41.642096999974456,"units":0},{"startMs":251354.043402,"endMs":251395.597574,"ms":41.554172000003746,"units":0},{"startMs":237974.929106,"endMs":238015.219989,"ms":40.29088300000876,"units":0},{"startMs":270317.407486,"endMs":270357.536201,"ms":40.12871499999892,"units":0},{"startMs":254581.920053,"endMs":254621.851642,"ms":39.93158899998525,"units":0},{"startMs":272314.299018,"endMs":272354.160321,"ms":39.861302999954205,"units":0},{"startMs":263649.04183,"endMs":263688.283936,"ms":39.2421060000197,"units":0}],"gc.pause":[{"startMs":250001.494085,"endMs":250062.4443380098,"ms":60.95025300979614,"units":0},{"startMs":263488.126593,"endMs":263539.8135241333,"ms":51.686931133270264,"units":0},{"startMs":243929.473286,"endMs":243976.92951807092,"ms":47.45623207092285,"units":0},{"startMs":269541.893082,"endMs":269587.9737990868,"ms":46.08071708679199,"units":0},{"startMs":254704.739113,"endMs":254748.17087402637,"ms":43.431761026382446,"units":0},{"startMs":273887.93483,"endMs":273927.2641060849,"ms":39.3292760848999,"units":0},{"startMs":258919.570492,"endMs":258954.84863683642,"ms":35.27814483642578,"units":0},{"startMs":239442.59871,"endMs":239473.30414217658,"ms":30.705432176589966,"units":0},{"startMs":235781.024057,"endMs":235809.78584012302,"ms":28.761783123016357,"units":0},{"startMs":241970.404197,"endMs":241996.97837784144,"ms":26.574180841445923,"units":0},{"startMs":242313.552464,"endMs":242337.8206899083,"ms":24.26822590827942,"units":0},{"startMs":245763.336293,"endMs":245787.4691620052,"ms":24.132869005203247,"units":0},{"startMs":249137.112745,"endMs":249161.01724000083,"ms":23.904495000839233,"units":0},{"startMs":272323.494092,"endMs":272347.12339402485,"ms":23.62930202484131,"units":0},{"startMs":252193.273984,"endMs":252215.08210997275,"ms":21.808125972747803,"units":0},{"startMs":262427.907129,"endMs":262449.20141906576,"ms":21.29429006576538,"units":0},{"startMs":248922.915382,"endMs":248943.73388299564,"ms":20.818500995635986,"units":0},{"startMs":245575.215802,"endMs":245596.0328190784,"ms":20.817017078399658,"units":0},{"startMs":265678.885091,"endMs":265699.61313908617,"ms":20.728048086166382,"units":0},{"startMs":238657.171247,"endMs":238677.86813592364,"ms":20.69688892364502,"units":0},{"startMs":242159.92382,"endMs":242180.079946976,"ms":20.156126976013184,"units":0}],"pg.fetch.yieldWait":[{"startMs":239417.289889,"endMs":239478.295241,"ms":61.005352000007406,"units":0},{"startMs":254703.868457,"endMs":254753.802799,"ms":49.934341999993194,"units":0},{"startMs":254621.62066,"endMs":254671.245893,"ms":49.62523300002795,"units":0},{"startMs":239441.268787,"endMs":239478.87139,"ms":37.602602999977535,"units":0},{"startMs":258918.120315,"endMs":258955.357767,"ms":37.23745200000121,"units":0},{"startMs":258919.091931,"endMs":258955.986782,"ms":36.89485099999001,"units":0},{"startMs":273857.894137,"endMs":273887.01427,"ms":29.120132999960333,"units":0},{"startMs":249911.378227,"endMs":249938.834014,"ms":27.45578699998441,"units":0},{"startMs":258836.516471,"endMs":258860.648834,"ms":24.132362999982433,"units":0},{"startMs":265516.896593,"endMs":265540.871089,"ms":23.974496000038926,"units":0},{"startMs":252524.813892,"endMs":252546.174845,"ms":21.36095299999579,"units":0},{"startMs":265678.775275,"endMs":265700.09913,"ms":21.323854999965988,"units":0},{"startMs":269025.812045,"endMs":269046.588734,"ms":20.77668899996206,"units":0},{"startMs":262204.67872,"endMs":262225.322232,"ms":20.643511999980547,"units":0},{"startMs":248574.238721,"endMs":248594.832802,"ms":20.594080999988364,"units":0},{"startMs":245277.735442,"endMs":245298.235014,"ms":20.499572000000626,"units":0},{"startMs":262044.08423,"endMs":262064.222907,"ms":20.138676999980817,"units":0},{"startMs":236174.422967,"endMs":236194.536268,"ms":20.113301000004867,"units":0},{"startMs":267668.923925,"endMs":267689.006958,"ms":20.083033000002615,"units":0},{"startMs":239365.767802,"endMs":239385.829987,"ms":20.062185000017053,"units":0}]},"measurementClock":{"timeOrigin":1790426282685.526,"startMs":235009.662033,"endMs":276060.883732},"processCpu":{"userMs":40577.145,"systemMs":3987.455,"wallMs":41051.221699000016},"idleRoundTripMs":{"samples":10,"p50":1.2003200000035577,"max":1.8368809999956284},"resultSignature":"b1a872a9e9aa4c7494129d315fcb89bc043d72db39d5bfa8506b93c35169cbf7","stageP95Ms":{"prepare_ms":0,"sql_ms":1131,"preload_ms":424,"profile_ms":315,"relations_ms":179,"display_ms":137,"sort_ms":366,"preload_page_ms":88,"hydrate_ms":25,"stats_ms":1489.7175049999787,"stats_status_ms":16,"stats_candidates_ms":908,"stats_normalize_ms":42,"stats_auxiliary_ms":196,"stats_inputs_ms":1032,"stats_reuse_inputs_ms":0,"stats_provider_ms":0,"stats_profile_sync_ms":46.91419800015865,"stats_count_sync_ms":55.487562000751495,"stats_reduce_ms":499.95393800002057},"p50Ms":3265.143915999972,"p95Ms":3529.4466729999986,"maxMs":3591.728742999985,"lagP99Ms":41.287679,"lagMaxMs":101.646335,"rssPeakBytes":819560448,"heapPeakBytes":644609312,"queryCount":{"min":96,"p50":96,"max":96},"transactionStatements":{"min":4,"max":4},"errorCount":0,"timeoutCount":0,"errors":[],"ciSmokePassed":null,"lagTargetMet":false,"nasLatencyPassed":true,"contentStore":{"rows":36000,"bytes":55525548,"maxRows":50000,"maxBytes":67108864}}
PRB-PERF-RESULT NAS_ACCEPTANCE_FAIL /out/prb-search-benchmark.json
