Preparing worktree (detached HEAD 92e8210)
HEAD is now at 92e8210 test: batch NAS fixture inserts and preserve setup-timeout evidence
22-bookworm: Pulling from library/node
Digest: sha256:363e1587494626837fa7f9a23bdb453d13b0ff3c67c705c2805cfc69c2d2fad7
Status: Image is up to date for node:22-bookworm
docker.io/library/node:22-bookworm
16.14-alpine: Pulling from library/postgres
Digest: sha256:57c72fd2a128e416c7fcc499958864df5301e940bca0a56f58fddf30ffc07777
Status: Image is up to date for postgres:16.14-alpine
docker.io/library/postgres:16.14-alpine

added 106 packages, and audited 107 packages in 25s

34 packages are looking for funding
  run `npm fund` for details

1 moderate severity vulnerability

To address all issues, run:
  npm audit fix

Run `npm audit` for details.
npm notice
npm notice New major version of npm available! 10.9.9 -> 12.1.0
npm notice Changelog: https://github.com/npm/cli/releases/tag/v12.1.0
npm notice To update run: npm install -g npm@12.1.0
npm notice

> 5151@1.0.0 test:pg
> node v3/scripts/pg-integration-setup.mjs && bash v3/scripts/run-pg-integration.sh

(node:22) ExperimentalWarning: SQLite is an experimental feature and might change at any time
(Use `node --trace-warnings ...` to show where the warning was created)
[search] listing_search_projection 已與 listings 對齊，訪客搜尋使用 SQL-first
PG-SCHEMA {"statements":97,"tables":97,"rows":79,"sequences":73}
PG-INDEXES {"created":132,"skippedTables":["listings"]}
[pg] 執行 26 個整合測試檔
TAP version 13
# (node:45) ExperimentalWarning: SQLite is an experimental feature and might change at any time
# (Use `node --trace-warnings ...` to show where the warning was created)
# Subtest: sqlite 模式：budgetStore 與同步函式走出同一串結果
ok 1 - sqlite 模式：budgetStore 與同步函式走出同一串結果
  ---
  duration_ms: 188.701734
  type: 'test'
  ...
# Subtest: postgres 路徑（離線 exec）與 sqlite 路徑的步驟紀錄完全相同
ok 2 - postgres 路徑（離線 exec）與 sqlite 路徑的步驟紀錄完全相同
  ---
  duration_ms: 466.362311
  type: 'test'
  ...
# [search] listing_search_projection 已與 listings 對齊，訪客搜尋使用 SQL-first
# Subtest: live：預算 store 在 PostgreSQL 上真的保留、結算、釋放
ok 3 - live：預算 store 在 PostgreSQL 上真的保留、結算、釋放
  ---
  duration_ms: 1274.395779
  type: 'test'
  ...
# (node:57) ExperimentalWarning: SQLite is an experimental feature and might change at any time
# (Use `node --trace-warnings ...` to show where the warning was created)
# Subtest: late crawler continuation cannot use a cached SQLite statement; unrelated work remains usable
ok 4 - late crawler continuation cannot use a cached SQLite statement; unrelated work remains usable
  ---
  duration_ms: 36.469069
  type: 'test'
  ...
# Subtest: SQLite iterators obtained before cancellation cannot execute their next step
ok 5 - SQLite iterators obtained before cancellation cannot execute their next step
  ---
  duration_ms: 8.79069
  type: 'test'
  ...
# Subtest: SQLite transaction can roll back after cancellation but cannot commit
ok 6 - SQLite transaction can roll back after cancellation but cannot commit
  ---
  duration_ms: 7.591342
  type: 'test'
  ...
# Subtest: crawl deadline cancels network signals, including a delayed timer, and gate supersession aborts the old generation
ok 7 - crawl deadline cancels network signals, including a delayed timer, and gate supersession aborts the old generation
  ---
  duration_ms: 142.805331
  type: 'test'
  ...
# Subtest: PG crawler statement rolls back after in-flight cancellation; no cancelled COMMIT or next query is dispatched
ok 8 - PG crawler statement rolls back after in-flight cancellation; no cancelled COMMIT or next query is dispatched
  ---
  duration_ms: 33.312494
  type: 'test'
  ...
# Subtest: real PG rolls back crawler writes when its deadline expires during SQL
ok 9 - real PG rolls back crawler writes when its deadline expires during SQL
  ---
  duration_ms: 425.313146
  type: 'test'
  ...
# (node:68) ExperimentalWarning: SQLite is an experimental feature and might change at any time
# (Use `node --trace-warnings ...` to show where the warning was created)
# Subtest: the crawler reads go through the driver-aware entry point
ok 10 - the crawler reads go through the driver-aware entry point
  ---
  duration_ms: 3410.972435
  type: 'test'
  ...
# Subtest: the backfill scans find the fixture's work on the sqlite driver
ok 11 - the backfill scans find the fixture's work on the sqlite driver
  ---
  duration_ms: 24.535527
  type: 'test'
  ...
# [search] listing_search_projection 已與 listings 對齊，訪客搜尋使用 SQL-first
# Subtest: live PostgreSQL: the crawler reads match SQLite, and a PostgreSQL write is readable back
    # Subtest: existing row and fingerprint lookup
    ok 1 - existing row and fingerprint lookup
      ---
      duration_ms: 2009.733346
      type: 'test'
      ...
    # Subtest: the offline sweep scans match
    ok 2 - the offline sweep scans match
      ---
      duration_ms: 939.814012
      type: 'test'
      ...
    # Subtest: the backfill scans match
    ok 3 - the backfill scans match
      ---
      duration_ms: 1035.814557
      type: 'test'
      ...
    # Subtest: match candidates match on both paths
    ok 4 - match candidates match on both paths
      ---
      duration_ms: 1348.350978
      type: 'test'
      ...
    # Subtest: a listing written through PostgreSQL is readable back
    ok 5 - a listing written through PostgreSQL is readable back
      ---
      duration_ms: 1287.334718
      type: 'test'
      ...
    1..5
ok 12 - live PostgreSQL: the crawler reads match SQLite, and a PostgreSQL write is readable back
  ---
  duration_ms: 6639.205522
  type: 'test'
  ...
# (node:80) ExperimentalWarning: SQLite is an experimental feature and might change at any time
# (Use `node --trace-warnings ...` to show where the warning was created)
# Subtest: sqlite 模式：async 入口與原本的同步函式輸出完全相同
ok 13 - sqlite 模式：async 入口與原本的同步函式輸出完全相同
  ---
  duration_ms: 116.540182
  type: 'test'
  ...
# Subtest: postgres 路徑（離線 exec）給出與 sqlite 相同的 payload
ok 14 - postgres 路徑（離線 exec）給出與 sqlite 相同的 payload
  ---
  duration_ms: 134.090341
  type: 'test'
  ...
# Subtest: postgres 路徑：搜尋與標籤都要與 sqlite 相同
ok 15 - postgres 路徑：搜尋與標籤都要與 sqlite 相同
  ---
  duration_ms: 86.173147
  type: 'test'
  ...
# Subtest: postgres 路徑：CRM 關閉時 module 的旗標與 sqlite 相同
ok 16 - postgres 路徑：CRM 關閉時 module 的旗標與 sqlite 相同
  ---
  duration_ms: 78.34689
  type: 'test'
  ...
# Subtest: postgres 路徑：找不到聯絡人時的行為與 sqlite 相同
ok 17 - postgres 路徑：找不到聯絡人時的行為與 sqlite 相同
  ---
  duration_ms: 66.171292
  type: 'test'
  ...
# [search] listing_search_projection 已與 listings 對齊，訪客搜尋使用 SQL-first
# Subtest: live shadow PostgreSQL：同一組 CRM 讀取斷言
ok 18 - live shadow PostgreSQL：同一組 CRM 讀取斷言
  ---
  duration_ms: 694.184678
  type: 'test'
  ...
# Subtest: 第二段：七個寫入動作在兩個 driver 給出相同結果
ok 19 - 第二段：七個寫入動作在兩個 driver 給出相同結果
  ---
  duration_ms: 358.527605
  type: 'test'
  ...
# Subtest: 第二段：CRM 關閉時寫入會被擋下（兩邊一致）
ok 20 - 第二段：CRM 關閉時寫入會被擋下（兩邊一致）
  ---
  duration_ms: 109.469849
  type: 'test'
  ...
# Subtest: 第二段：同步開啟時，寫入會把快照寫進 crm_outbox（PG 也一樣）
ok 21 - 第二段：同步開啟時，寫入會把快照寫進 crm_outbox（PG 也一樣）
  ---
  duration_ms: 267.997402
  type: 'test'
  ...
# Subtest: 第二段：crm_outbox 的 claim／sent／failure／stats 在兩個 driver 一致
ok 22 - 第二段：crm_outbox 的 claim／sent／failure／stats 在兩個 driver 一致
  ---
  duration_ms: 231.865984
  type: 'test'
  ...
# Subtest: 第二段：deliverCrmOutboxOnce 走 ops 時，成功與失敗的標記與 sqlite 相同
ok 23 - 第二段：deliverCrmOutboxOnce 走 ops 時，成功與失敗的標記與 sqlite 相同
  ---
  duration_ms: 359.86699
  type: 'test'
  ...
# Subtest: 第二段：投遞控制（停止旗標與統計）在 PostgreSQL 也讀得到
ok 24 - 第二段：投遞控制（停止旗標與統計）在 PostgreSQL 也讀得到
  ---
  duration_ms: 182.214509
  type: 'test'
  ...
# Subtest: live：影子站的 crm_outbox 可以搶到工作（rowCount 正確）
ok 25 - live：影子站的 crm_outbox 可以搶到工作（rowCount 正確）
  ---
  duration_ms: 325.509251
  type: 'test'
  ...
# (node:92) ExperimentalWarning: SQLite is an experimental feature and might change at any time
# (Use `node --trace-warnings ...` to show where the warning was created)
# Subtest: decoration data loaders read the SQLite fixture
ok 26 - decoration data loaders read the SQLite fixture
  ---
  duration_ms: 36.523413
  type: 'test'
  ...
# Subtest: the loader memoises one read per user and per id set
ok 27 - the loader memoises one read per user and per id set
  ---
  duration_ms: 33.444734
  type: 'test'
  ...
# Subtest: PostgreSQL returns the same decoration data as SQLite
ok 28 - PostgreSQL returns the same decoration data as SQLite
  ---
  duration_ms: 3056.412497
  type: 'test'
  ...
# (node:103) ExperimentalWarning: SQLite is an experimental feature and might change at any time
# (Use `node --trace-warnings ...` to show where the warning was created)
# Subtest: job 佇列：SQLite 路徑的行為（離線基準）
ok 29 - job 佇列：SQLite 路徑的行為（離線基準）
  ---
  duration_ms: 36.935388
  type: 'test'
  ...
# Subtest: job 佇列：SQLite 佇列介面與原本的同步函式等價
ok 30 - job 佇列：SQLite 佇列介面與原本的同步函式等價
  ---
  duration_ms: 38.81681
  type: 'test'
  ...
# [search] listing_search_projection 已與 listings 對齊，訪客搜尋使用 SQL-first
# Subtest: live：PostgreSQL 佇列可以排入、搶到、完成、失敗與回收
ok 31 - live：PostgreSQL 佇列可以排入、搶到、完成、失敗與回收
  ---
  duration_ms: 986.926475
  type: 'test'
  ...
# Subtest: PG enqueue uses the supplied clock for immediate availability and honors explicit scheduling
ok 32 - PG enqueue uses the supplied clock for immediate availability and honors explicit scheduling
  ---
  duration_ms: 18.272995
  type: 'test'
  ...
# (node:115) ExperimentalWarning: SQLite is an experimental feature and might change at any time
# (Use `node --trace-warnings ...` to show where the warning was created)
# Subtest: detail reads go through the driver-aware entry point
ok 33 - detail reads go through the driver-aware entry point
  ---
  duration_ms: 2893.347941
  type: 'test'
  ...
# [search] listing_search_projection 已與 listings 對齊，訪客搜尋使用 SQL-first
# Subtest: live PostgreSQL: the detail read matches the SQLite read
    # Subtest: member detail for every shape
    ok 1 - member detail for every shape
      ---
      duration_ms: 1698.203907
      type: 'test'
      ...
    # Subtest: sameHouse:false (the crawler's read) still matches
    ok 2 - sameHouse:false (the crawler's read) still matches
      ---
      duration_ms: 901.644802
      type: 'test'
      ...
    1..2
ok 34 - live PostgreSQL: the detail read matches the SQLite read
  ---
  duration_ms: 2609.959339
  type: 'test'
  ...
# (node:127) ExperimentalWarning: SQLite is an experimental feature and might change at any time
# (Use `node --trace-warnings ...` to show where the warning was created)
# Subtest: sqlite 模式：async 入口與同步函式輸出完全相同
ok 35 - sqlite 模式：async 入口與同步函式輸出完全相同
  ---
  duration_ms: 38.385911
  type: 'test'
  ...
# Subtest: postgres 路徑（離線 exec）給出與 sqlite 相同的統計
ok 36 - postgres 路徑（離線 exec）給出與 sqlite 相同的統計
  ---
  duration_ms: 11.234194
  type: 'test'
  ...
# [search] listing_search_projection 已與 listings 對齊，訪客搜尋使用 SQL-first
# Subtest: live：影子站上的後台統計可以真的跑完（0 skip 由 PG_TEST_URL 決定）
ok 37 - live：影子站上的後台統計可以真的跑完（0 skip 由 PG_TEST_URL 決定）
  ---
  duration_ms: 572.695771
  type: 'test'
  ...
# Subtest: 寫入路徑：sqlite 模式 async 入口與同步函式做出同一件事
ok 38 - 寫入路徑：sqlite 模式 async 入口與同步函式做出同一件事
  ---
  duration_ms: 143.144975
  type: 'test'
  ...
# Subtest: 寫入路徑：postgres 路徑（離線 exec）與 sqlite 路徑的步驟紀錄完全相同
ok 39 - 寫入路徑：postgres 路徑（離線 exec）與 sqlite 路徑的步驟紀錄完全相同
  ---
  duration_ms: 153.302087
  type: 'test'
  ...
# Subtest: 寫入路徑：PG 路徑的列數判斷用 rowCount（拿不到 rowCount 就不算搶到）
ok 40 - 寫入路徑：PG 路徑的列數判斷用 rowCount（拿不到 rowCount 就不算搶到）
  ---
  duration_ms: 56.345882
  type: 'test'
  ...
# Subtest: 種子查詢：sqlite 與 postgres 路徑挑出同一批候選並產生同一批工作
ok 41 - 種子查詢：sqlite 與 postgres 路徑挑出同一批候選並產生同一批工作
  ---
  duration_ms: 84.955419
  type: 'test'
  ...
# Subtest: 種子查詢：來源停用時不播種（sync 與 async 一致）
ok 42 - 種子查詢：來源停用時不播種（sync 與 async 一致）
  ---
  duration_ms: 19.8209
  type: 'test'
  ...
# Subtest: live：PostgreSQL 的寫入路徑可以排入、搶到、收尾、記 metrics 與回收
ok 43 - live：PostgreSQL 的寫入路徑可以排入、搶到、收尾、記 metrics 與回收
  ---
  duration_ms: 517.184067
  type: 'test'
  ...
# Subtest: live：種子查詢在 PG（CI fixture 自建候選）挑得到，且不寫本機 SQLite
ok 44 - live：種子查詢在 PG（CI fixture 自建候選）挑得到，且不寫本機 SQLite
  ---
  duration_ms: 251.079235
  type: 'test'
  ...
# Subtest: live：種子查詢讀的是 PostgreSQL，不是本機 SQLite
ok 45 - live：種子查詢讀的是 PostgreSQL，不是本機 SQLite # SKIP PG_SHADOW_URL is not set（需要匯入正式站資料的影子站；不屬於 CI 必要 gate）
  ---
  duration_ms: 5.817972
  type: 'test'
  ...
# (node:139) ExperimentalWarning: SQLite is an experimental feature and might change at any time
# (Use `node --trace-warnings ...` to show where the warning was created)
# Subtest: the field writes go through the driver-aware entry point
ok 46 - the field writes go through the driver-aware entry point
  ---
  duration_ms: 2762.568258
  type: 'test'
  ...
# [search] listing_search_projection 已與 listings 對齊，訪客搜尋使用 SQL-first
# Subtest: live PostgreSQL: the field writes land in the same store as the reads
    # Subtest: setListingDetail writes the detail columns
    ok 1 - setListingDetail writes the detail columns
      ---
      duration_ms: 1632.108829
      type: 'test'
      ...
    # Subtest: persistHpListingFields writes the 5168 columns and kit
    ok 2 - persistHpListingFields writes the 5168 columns and kit
      ---
      duration_ms: 1318.66408
      type: 'test'
      ...
    # Subtest: the MRT and community caches are written where the reads look
    ok 3 - the MRT and community caches are written where the reads look
      ---
      duration_ms: 8254.5922
      type: 'test'
      ...
    # Subtest: the 5168 prep row is stored in PostgreSQL
    ok 4 - the 5168 prep row is stored in PostgreSQL
      ---
      duration_ms: 929.838876
      type: 'test'
      ...
    1..4
ok 47 - live PostgreSQL: the field writes land in the same store as the reads
  ---
  duration_ms: 12148.658879
  type: 'test'
  ...
# (node:151) ExperimentalWarning: SQLite is an experimental feature and might change at any time
# (Use `node --trace-warnings ...` to show where the warning was created)
# Subtest: flag existence predicates keep missing, zero, nonbinary, NULL and viewer identity semantics
ok 48 - flag existence predicates keep missing, zero, nonbinary, NULL and viewer identity semantics
  ---
  duration_ms: 32.098658
  type: 'test'
  ...
# [search] listing_search_projection 已與 listings 對齊，訪客搜尋使用 SQL-first
# Subtest: live PG: production flag predicates match SQLite reference with nonbinary and NULL flags
ok 49 - live PG: production flag predicates match SQLite reference with nonbinary and NULL flags
  ---
  duration_ms: 691.83115
  type: 'test'
  ...
# Subtest: stats numeric normalization preserves the complete conversion and own-field contract
ok 50 - stats numeric normalization preserves the complete conversion and own-field contract
  ---
  duration_ms: 10.170405
  type: 'test'
  ...
# Subtest: candidate prep retains houseprice and unknown peers, all candidates and personal relations
ok 51 - candidate prep retains houseprice and unknown peers, all candidates and personal relations
  ---
  duration_ms: 415.663642
  type: 'test'
  ...
# (node:163) ExperimentalWarning: SQLite is an experimental feature and might change at any time
# (Use `node --trace-warnings ...` to show where the warning was created)
# LIVE-ENTRY-KEYS ["listings","totalMatched","hasMore","nextOffset","queryVersion","queryDetails"]
# LIVE-ENTRY-IDS []
# Subtest: live PG：正式入口（不注入 deps）能查真 PG，且連續兩次結果一致
ok 52 - live PG：正式入口（不注入 deps）能查真 PG，且連續兩次結果一致
  ---
  duration_ms: 598.403273
  type: 'test'
  ...
# [search] listing_search_projection 已與 listings 對齊，訪客搜尋使用 SQL-first
# (node:175) ExperimentalWarning: SQLite is an experimental feature and might change at any time
# (Use `node --trace-warnings ...` to show where the warning was created)
# Subtest: nonempty PG provider pipeline decorates cards without any SQLite access, including MRT settings
ok 53 - nonempty PG provider pipeline decorates cards without any SQLite access, including MRT settings
  ---
  duration_ms: 128.199498
  type: 'test'
  ...
# Subtest: SQLite dispatcher: complete projection yields both nonempty pages
ok 54 - SQLite dispatcher: complete projection yields both nonempty pages
  ---
  duration_ms: 105.909269
  type: 'test'
  ...
# PARITY-BASELINE {"engines":["node_pg","node_sqlite","sql_first"],"ids":[1,2,3],"sqliteAttempts":0}
# Subtest: live PG: canonical fields, Node reference and SQLite dispatcher agree across both pages
ok 55 - live PG: canonical fields, Node reference and SQLite dispatcher agree across both pages
  ---
  duration_ms: 2514.233205
  type: 'test'
  ...
# Subtest: fixed request time changes the expected primary and card bundle independently of wall time
ok 56 - fixed request time changes the expected primary and card bundle independently of wall time
  ---
  duration_ms: 394.693171
  type: 'test'
  ...
# Subtest: reference fixture has explicit expected filters and personal roles
ok 57 - reference fixture has explicit expected filters and personal roles
  ---
  duration_ms: 470.638421
  type: 'test'
  ...
# PARITY-MATRIX {"cases":12,"sqliteAttempts":0}
# Subtest: live PG: relations, viewer/voter identity, filters, extras and time match the Node reference
ok 58 - live PG: relations, viewer/voter identity, filters, extras and time match the Node reference
  ---
  duration_ms: 3695.612531
  type: 'test'
  ...
# Subtest: live PG: commute preloading never warms SQLite
ok 59 - live PG: commute preloading never warms SQLite
  ---
  duration_ms: 1865.15269
  type: 'test'
  ...
# Subtest: live PG: a partner removed by profile filters still determines the shared house primary
ok 60 - live PG: a partner removed by profile filters still determines the shared house primary
  ---
  duration_ms: 1495.099244
  type: 'test'
  ...
# Subtest: live PG: missing required schema fails; existing empty tables return a normal empty result
ok 61 - live PG: missing required schema fails; existing empty tables return a normal empty result
  ---
  duration_ms: 1810.959094
  type: 'test'
  ...
# Subtest: live PG: complete page and counters use one snapshot; next request sees committed changes
ok 62 - live PG: complete page and counters use one snapshot; next request sees committed changes
  ---
  duration_ms: 1854.186865
  type: 'test'
  ...
# Subtest: live PG: anonymous search preserves guest filters and never reads private flags or SQLite
ok 63 - live PG: anonymous search preserves guest filters and never reads private flags or SQLite
  ---
  duration_ms: 2040.845195
  type: 'test'
  ...
# Subtest: cooperative member processing preserves roles, all sort modes and statistics across chunk boundaries
ok 64 - cooperative member processing preserves roles, all sort modes and statistics across chunk boundaries
  ---
  duration_ms: 1323.178492
  type: 'test'
  ...
# Subtest: live PG: batched snapshot reads bind parameters, retain all rows, and recover after failure
ok 65 - live PG: batched snapshot reads bind parameters, retain all rows, and recover after failure
  ---
  duration_ms: 1573.966794
  type: 'test'
  ...
# Subtest: SQLite guard records swallowed cached-statement I/O, then restores the statement
ok 66 - SQLite guard records swallowed cached-statement I/O, then restores the statement
  ---
  duration_ms: 87.396192
  type: 'test'
  ...
# (node:187) ExperimentalWarning: SQLite is an experimental feature and might change at any time
# (Use `node --trace-warnings ...` to show where the warning was created)
# Subtest: 第二段：suggestFromNewHashAsync 兩個 driver 寫出等價的建議
ok 67 - 第二段：suggestFromNewHashAsync 兩個 driver 寫出等價的建議
  ---
  duration_ms: 78.856677
  type: 'test'
  ...
# Subtest: 第二段：recordCrawlInsightAsync 把洞察列寫進 PG（provider 以 llmInsight 注入）
ok 68 - 第二段：recordCrawlInsightAsync 把洞察列寫進 PG（provider 以 llmInsight 注入）
  ---
  duration_ms: 55.357514
  type: 'test'
  ...
# Subtest: 第二段：enqueueListingSimilarityAsync 在功能關閉時明確回 disabled、不誤寫
ok 69 - 第二段：enqueueListingSimilarityAsync 在功能關閉時明確回 disabled、不誤寫
  ---
  duration_ms: 60.163455
  type: 'test'
  ...
# Subtest: sqlite 模式：async 入口與原本的同步函式輸出完全相同
ok 70 - sqlite 模式：async 入口與原本的同步函式輸出完全相同
  ---
  duration_ms: 53.584456
  type: 'test'
  ...
# Subtest: postgres 路徑（離線 exec）給出與 sqlite 相同的 admin payload
ok 71 - postgres 路徑（離線 exec）給出與 sqlite 相同的 admin payload
  ---
  duration_ms: 39.696923
  type: 'test'
  ...
# Subtest: postgres 路徑：設定讀寫與 shouldEnqueueSimilarity 與 sqlite 相同
ok 72 - postgres 路徑：設定讀寫與 shouldEnqueueSimilarity 與 sqlite 相同
  ---
  duration_ms: 45.38995
  type: 'test'
  ...
# Subtest: postgres 路徑：reviewSimilarity 的驗證與回傳與 sqlite 相同
ok 73 - postgres 路徑：reviewSimilarity 的驗證與回傳與 sqlite 相同
  ---
  duration_ms: 39.537553
  type: 'test'
  ...
# [search] listing_search_projection 已與 listings 對齊，訪客搜尋使用 SQL-first
# Subtest: live shadow PostgreSQL：同一組 admin 斷言
ok 74 - live shadow PostgreSQL：同一組 admin 斷言
  ---
  duration_ms: 794.754071
  type: 'test'
  ...
# (node:199) ExperimentalWarning: SQLite is an experimental feature and might change at any time
# (Use `node --trace-warnings ...` to show where the warning was created)
# Subtest: the state writes go through the driver-aware entry point
ok 75 - the state writes go through the driver-aware entry point
  ---
  duration_ms: 2531.895062
  type: 'test'
  ...
# [search] listing_search_projection 已與 listings 對齊，訪客搜尋使用 SQL-first
# Subtest: live PostgreSQL: the state writes land where the site reads
    # Subtest: offline -> alive -> restored -> checked match SQLite field for field
    ok 1 - offline -> alive -> restored -> checked match SQLite field for field
      ---
      duration_ms: 1774.098923
      type: 'test'
      ...
    # Subtest: invalidateLocation clears the route_jobs rows
    ok 2 - invalidateLocation clears the route_jobs rows
      ---
      duration_ms: 887.175486
      type: 'test'
      ...
    1..2
ok 76 - live PostgreSQL: the state writes land where the site reads
  ---
  duration_ms: 2683.364236
  type: 'test'
  ...
# (node:211) ExperimentalWarning: SQLite is an experimental feature and might change at any time
# (Use `node --trace-warnings ...` to show where the warning was created)
# Subtest: listingStatsAsync keeps the SQLite counters on the sqlite driver
ok 77 - listingStatsAsync keeps the SQLite counters on the sqlite driver
  ---
  duration_ms: 3260.123396
  type: 'test'
  ...
# [search] listing_search_projection 已與 listings 對齊，訪客搜尋使用 SQL-first
# Subtest: live PostgreSQL: the counters equal the SQLite counters
    # Subtest: without commute settings
    ok 1 - without commute settings
      ---
      duration_ms: 1249.147789
      type: 'test'
      ...
    # Subtest: with commute settings and a cached route
    ok 2 - with commute settings and a cached route
      ---
      duration_ms: 1513.605539
      type: 'test'
      ...
    # Subtest: the initial payload page matches the SQLite page
    ok 3 - the initial payload page matches the SQLite page
      ---
      duration_ms: 1610.717711
      type: 'test'
      ...
    1..3
ok 78 - live PostgreSQL: the counters equal the SQLite counters
  ---
  duration_ms: 4379.919432
  type: 'test'
  ...
# (node:223) ExperimentalWarning: SQLite is an experimental feature and might change at any time
# (Use `node --trace-warnings ...` to show where the warning was created)
# Subtest: the decision chain answers with the reasons the SQLite path acts on
ok 79 - the decision chain answers with the reasons the SQLite path acts on
  ---
  duration_ms: 2025.860166
  type: 'test'
  ...
# Subtest: the PostgreSQL enqueue answers the SQLite rows through its own executor
ok 80 - the PostgreSQL enqueue answers the SQLite rows through its own executor
  ---
  duration_ms: 1134.849101
  type: 'test'
  ...
# Subtest: every event site goes through the driver-aware entry point
ok 81 - every event site goes through the driver-aware entry point
  ---
  duration_ms: 12.222909
  type: 'test'
  ...
# [search] listing_search_projection 已與 listings 對齊，訪客搜尋使用 SQL-first
# Subtest: live PostgreSQL: the enqueue writes the queue the site reads
    # Subtest: the same members are queued with the same columns
    ok 1 - the same members are queued with the same columns
      ---
      duration_ms: 3588.648152
      type: 'test'
      ...
    1..1
ok 82 - live PostgreSQL: the enqueue writes the queue the site reads
  ---
  duration_ms: 3593.396207
  type: 'test'
  ...
# (node:235) ExperimentalWarning: SQLite is an experimental feature and might change at any time
# (Use `node --trace-warnings ...` to show where the warning was created)
# Subtest: the notification queue reads and writes through the driver-aware entry point
ok 83 - the notification queue reads and writes through the driver-aware entry point
  ---
  duration_ms: 2399.57651
  type: 'test'
  ...
# [search] listing_search_projection 已與 listings 對齊，訪客搜尋使用 SQL-first
# Subtest: live PostgreSQL: the notification queue drains the same store it writes
    # Subtest: the pending page matches SQLite (rows and order)
    ok 1 - the pending page matches SQLite (rows and order)
      ---
      duration_ms: 666.108138
      type: 'test'
      ...
    # Subtest: updateEventNotify writes the same columns as SQLite
    ok 2 - updateEventNotify writes the same columns as SQLite
      ---
      duration_ms: 611.602381
      type: 'test'
      ...
    # Subtest: markEventNotified takes the event out of the queue it wrote to
    ok 3 - markEventNotified takes the event out of the queue it wrote to
      ---
      duration_ms: 308.62058
      type: 'test'
      ...
    1..3
ok 84 - live PostgreSQL: the notification queue drains the same store it writes
  ---
  duration_ms: 1591.650588
  type: 'test'
  ...
# Subtest: live PG: narrow reads retain all rows across bounded replies and report batch work
ok 85 - live PG: narrow reads retain all rows across bounded replies and report batch work
  ---
  duration_ms: 682.350494
  type: 'test'
  ...
# Subtest: live PG: complete-read planner settings remain local after success and failure
ok 86 - live PG: complete-read planner settings remain local after success and failure
  ---
  duration_ms: 96.946162
  type: 'test'
  ...
# Subtest: live PG: candidate array batches preserve every row, field, numeric value and text
ok 87 - live PG: candidate array batches preserve every row, field, numeric value and text
  ---
  duration_ms: 183.286265
  type: 'test'
  ...
# Subtest: live PG: the complete candidate shape keeps the typed value in every named column
ok 88 - live PG: the complete candidate shape keeps the typed value in every named column
  ---
  duration_ms: 497.938754
  type: 'test'
  ...
# Subtest: candidate content store bounds rows/bytes and refuses mutable PG values
ok 89 - candidate content store bounds rows/bytes and refuses mutable PG values
  ---
  duration_ms: 17.696407
  type: 'test'
  ...
# Subtest: live PG: reused content belongs to the visible row version and full column contract
    # Subtest: warm reads select fresh versions, preserve ordering/scope and return isolated objects
    ok 1 - warm reads select fresh versions, preserve ordering/scope and return isolated objects
      ---
      duration_ms: 523.526985
      type: 'test'
      ...
    # Subtest: committed updates, inserts and deletes are visible; rollback stays invisible
    ok 2 - committed updates, inserts and deletes are visible; rollback stays invisible
      ---
      duration_ms: 549.803309
      type: 'test'
      ...
    # Subtest: streamed versions preserve all fields, order and cold/warm rows across reply boundaries
    ok 3 - streamed versions preserve all fields, order and cold/warm rows across reply boundaries
      ---
      duration_ms: 2775.963085
      type: 'test'
      ...
    # Subtest: old and new repeatable-read snapshots cannot replace each other’s row content
    ok 4 - old and new repeatable-read snapshots cannot replace each other’s row content
      ---
      duration_ms: 184.987832
      type: 'test'
      ...
    # Subtest: search_path, truncate and column replacement invalidate content
    ok 5 - search_path, truncate and column replacement invalidate content
      ---
      duration_ms: 226.960972
      type: 'test'
      ...
    # Subtest: a dropped required column fails even when all raw content was warm
    ok 6 - a dropped required column fails even when all raw content was warm
      ---
      duration_ms: 41.723517
      type: 'test'
      ...
    # Subtest: RLS tables keep their original read path
    ok 7 - RLS tables keep their original read path
      ---
      duration_ms: 64.598977
      type: 'test'
      ...
    # Subtest: revoked SELECT fails on warm content; column-only grants retain the ordinary path
    ok 8 - revoked SELECT fails on warm content; column-only grants retain the ordinary path
      ---
      duration_ms: 243.893982
      type: 'test'
      ...
    # Subtest: eviction and oversize rows affect performance only, never selection or complete content
    ok 9 - eviction and oversize rows affect performance only, never selection or complete content
      ---
      duration_ms: 144.067969
      type: 'test'
      ...
    1..9
ok 90 - live PG: reused content belongs to the visible row version and full column contract
  ---
  duration_ms: 5465.093775
  type: 'test'
  ...
# (node:269) ExperimentalWarning: SQLite is an experimental feature and might change at any time
# (Use `node --trace-warnings ...` to show where the warning was created)
# Subtest: rowsPerStatement respects the bind-parameter limit and the batch size
ok 91 - rowsPerStatement respects the bind-parameter limit and the batch size
  ---
  duration_ms: 6.483549
  type: 'test'
  ...
# Subtest: multiRowInsertSql numbers the placeholders across rows
ok 92 - multiRowInsertSql numbers the placeholders across rows
  ---
  duration_ms: 2.887048
  type: 'test'
  ...
# Subtest: an imported store re-syncs the identity sequences
ok 93 - an imported store re-syncs the identity sequences
  ---
  duration_ms: 4.17122
  type: 'test'
  ...
# Subtest: readTableChunks streams rowid-ordered chunks without holding the table
ok 94 - readTableChunks streams rowid-ordered chunks without holding the table
  ---
  duration_ms: 8.597956
  type: 'test'
  ...
# Subtest: the multi-row path sends one statement per chunk and flattens the params
ok 95 - the multi-row path sends one statement per chunk and flattens the params
  ---
  duration_ms: 5.815241
  type: 'test'
  ...
# Subtest: multiRow:false keeps the legacy per-row path (batch transaction)
ok 96 - multiRow:false keeps the legacy per-row path (batch transaction)
  ---
  duration_ms: 4.737683
  type: 'test'
  ...
# Subtest: live PostgreSQL: both import paths write the same rows
    # Subtest: multi-row import (and a rerun stays idempotent)
    ok 1 - multi-row import (and a rerun stays idempotent)
      ---
      duration_ms: 350.361848
      type: 'test'
      ...
    # Subtest: per-row import writes the same content
    ok 2 - per-row import writes the same content
      ---
      duration_ms: 345.373693
      type: 'test'
      ...
    1..2
ok 97 - live PostgreSQL: both import paths write the same rows
  ---
  duration_ms: 886.59494
  type: 'test'
  ...
# (node:280) ExperimentalWarning: SQLite is an experimental feature and might change at any time
# (Use `node --trace-warnings ...` to show where the warning was created)
# [search] listing_search_projection 已與 listings 對齊，訪客搜尋使用 SQL-first
# Subtest: live PostgreSQL: driver, schema import, listings parity and queue claim
    # Subtest: driver health check reports the server role
    ok 1 - driver health check reports the server role
      ---
      duration_ms: 8.125202
      type: 'test'
      ...
    # Subtest: the SQLite schema is mirrored into PostgreSQL with identical row counts
    ok 2 - the SQLite schema is mirrored into PostgreSQL with identical row counts
      ---
      duration_ms: 39.557442
      type: 'test'
      ...
    # Subtest: import is idempotent (re-import adds no rows)
    ok 3 - import is idempotent (re-import adds no rows)
      ---
      duration_ms: 162.81976
      type: 'test'
      ...
    # Subtest: listings search returns the same ids/order/paging/cursor as the SQLite path
    ok 4 - listings search returns the same ids/order/paging/cursor as the SQLite path
      ---
      duration_ms: 1879.961859
      type: 'test'
      ...
    # Subtest: outside the envelope the PostgreSQL repository reports null (Node fallback)
    ok 5 - outside the envelope the PostgreSQL repository reports null (Node fallback)
      ---
      duration_ms: 4.216595
      type: 'test'
      ...
    # Subtest: durable queue: two workers never claim the same job (FOR UPDATE SKIP LOCKED)
    ok 6 - durable queue: two workers never claim the same job (FOR UPDATE SKIP LOCKED)
      ---
      duration_ms: 248.044729
      type: 'test'
      ...
    # Subtest: durable queue: expired lease is reclaimed and re-claimed by the other worker
    ok 7 - durable queue: expired lease is reclaimed and re-claimed by the other worker
      ---
      duration_ms: 35.111731
      type: 'test'
      ...
    # Subtest: durable queue: idempotency key collapses duplicate enqueues
    ok 8 - durable queue: idempotency key collapses duplicate enqueues
      ---
      duration_ms: 61.693906
      type: 'test'
      ...
    1..8
ok 98 - live PostgreSQL: driver, schema import, listings parity and queue claim
  ---
  duration_ms: 9355.307909
  type: 'test'
  ...
# (node:292) ExperimentalWarning: SQLite is an experimental feature and might change at any time
# (Use `node --trace-warnings ...` to show where the warning was created)
# Subtest: PG 整合：設定 PG 後必須真的連得上（連不上＝失敗，不是略過）
ok 99 - PG 整合：設定 PG 後必須真的連得上（連不上＝失敗，不是略過）
  ---
  duration_ms: 388.85816
  type: 'test'
  ...
# Subtest: PG 整合：缺 pgDriver 時 canRunNodePg 必須為 false（不得誤判可跑）
ok 100 - PG 整合：缺 pgDriver 時 canRunNodePg 必須為 false（不得誤判可跑）
  ---
  duration_ms: 1449.746409
  type: 'test'
  ...
# Subtest: PG 整合：完整路徑走 node_pg、單一快照只取一次連線、資料查詢都走該 client
ok 101 - PG 整合：完整路徑走 node_pg、單一快照只取一次連線、資料查詢都走該 client
  ---
  duration_ms: 444.026922
  type: 'test'
  ...
# Subtest: PG 整合：districtClosureIds 走 PG（不得拋錯；不需行政區條件時可為 null）
ok 102 - PG 整合：districtClosureIds 走 PG（不得拋錯；不需行政區條件時可為 null）
  ---
  duration_ms: 74.625851
  type: 'test'
  ...
# [search] listing_search_projection 已與 listings 對齊，訪客搜尋使用 SQL-first
# (node:304) ExperimentalWarning: SQLite is an experimental feature and might change at any time
# (Use `node --trace-warnings ...` to show where the warning was created)
# Subtest: PG 分支：儲存設定寫進 user_settings，且讀回來與寫入相符
ok 103 - PG 分支：儲存設定寫進 user_settings，且讀回來與寫入相符
  ---
  duration_ms: 126.939241
  type: 'test'
  ...
# Subtest: PG 分支：site 層鍵寫進 settings、跳過的鍵不寫（與 SQLite 分支同一份規則）
ok 104 - PG 分支：site 層鍵寫進 settings、跳過的鍵不寫（與 SQLite 分支同一份規則）
  ---
  duration_ms: 33.080339
  type: 'test'
  ...
# Subtest: PG 分支：儲存設定會啟用對應的搜尋設定檔，換一個會把舊的關掉
ok 105 - PG 分支：儲存設定會啟用對應的搜尋設定檔，換一個會把舊的關掉
  ---
  duration_ms: 52.269274
  type: 'test'
  ...
# Subtest: PG 分支：saveAsProfileAsync 建立設定檔並排下次抓取時間
ok 106 - PG 分支：saveAsProfileAsync 建立設定檔並排下次抓取時間
  ---
  duration_ms: 61.197932
  type: 'test'
  ...
# Subtest: live：PG 上的設定寫入可被讀回（PG_TEST_URL）
ok 107 - live：PG 上的設定寫入可被讀回（PG_TEST_URL）
  ---
  duration_ms: 807.070231
  type: 'test'
  ...
# [search] listing_search_projection 已與 listings 對齊，訪客搜尋使用 SQL-first
# (node:316) ExperimentalWarning: SQLite is an experimental feature and might change at any time
# (Use `node --trace-warnings ...` to show where the warning was created)
# Subtest: 政策：讀取預設允許 fallback，寫入預設拒絕（未設 PG_SQLITE_FALLBACK）
ok 108 - 政策：讀取預設允許 fallback，寫入預設拒絕（未設 PG_SQLITE_FALLBACK）
  ---
  duration_ms: 5.844251
  type: 'test'
  ...
# Subtest: 政策：PG_SQLITE_FALLBACK=open 與 options.fallback='open' 連寫入都放行
ok 109 - 政策：PG_SQLITE_FALLBACK=open 與 options.fallback='open' 連寫入都放行
  ---
  duration_ms: 1.399926
  type: 'test'
  ...
# Subtest: 政策：strict=true 一律往上丟（連環境變數也壓不過）
ok 110 - 政策：strict=true 一律往上丟（連環境變數也壓不過）
  ---
  duration_ms: 1.061836
  type: 'test'
  ...
# Subtest: PG 模式寫入失敗（交易型入口）：往上丟，且不動本機 SQLite
ok 111 - PG 模式寫入失敗（交易型入口）：往上丟，且不動本機 SQLite
  ---
  duration_ms: 15.346563
  type: 'test'
  ...
# Subtest: PG 模式讀取失敗：仍回本機 SQLite 的答案（fail-open 保留給讀取）
ok 112 - PG 模式讀取失敗：仍回本機 SQLite 的答案（fail-open 保留給讀取）
  ---
  duration_ms: 7.134144
  type: 'test'
  ...
# Subtest: 緊急逃生門：PG_SQLITE_FALLBACK=open 時寫入回退成舊行為（真的寫進 SQLite）
ok 113 - 緊急逃生門：PG_SQLITE_FALLBACK=open 時寫入回退成舊行為（真的寫進 SQLite）
  ---
  duration_ms: 15.465264
  type: 'test'
  ...
# Subtest: 讀寫混合模組：寫入入口帶 write 旗標才擋住 fallback，讀取入口仍 fail-open
ok 114 - 讀寫混合模組：寫入入口帶 write 旗標才擋住 fallback，讀取入口仍 fail-open
  ---
  duration_ms: 11.165522
  type: 'test'
  ...
# [search] listing_search_projection 已與 listings 對齊，訪客搜尋使用 SQL-first
# (node:324) ExperimentalWarning: SQLite is an experimental feature and might change at any time
# (Use `node --trace-warnings ...` to show where the warning was created)
# Subtest: the hot-path writes land the expected rows on SQLite
ok 115 - the hot-path writes land the expected rows on SQLite
  ---
  duration_ms: 86.580976
  type: 'test'
  ...
# Subtest: PostgreSQL writes read back identically to SQLite
ok 116 - PostgreSQL writes read back identically to SQLite
  ---
  duration_ms: 653.064798
  type: 'test'
  ...
1..116
# tests 155
# suites 0
# pass 154
# fail 0
# cancelled 0
# skipped 1
# todo 0
# duration_ms 144206.265119
(node:335) ExperimentalWarning: SQLite is an experimental feature and might change at any time
(Use `node --trace-warnings ...` to show where the warning was created)
PRB-PERF-CASE {"scope":"single","concurrency":1,"requests":50,"coldMs":6786.707806999995,"expected":{"matched":17488,"total":36000,"dbTotal":120000,"pageIds":[900301026,900301028,900301030,900301032,900301034,900301036,900301038,900301040,900301042,900301044,900301046,900301048,900301050,900301052,900301054,900301056,900301058,900301060,900301062,900301064,900301066,900301068,900301070,900301072,900301074,900301076,900301078,900301080,900301082,900301084,900301086,900301088,900301090,900301092,900301094,900301096,900301098,900301100,900301102,900301104,900301106,900301108,900301110,900301112,900301114,900301116,900301118,900301120,900301122,900301124]},"workDiagnostics":{"pg.query.submitSync":{"calls":1300,"totalMs":1360.697,"maxMs":9.724,"totalUnits":0,"maxUnits":0,"over2Ms":153,"over10Ms":0,"over50Ms":0},"pg.query.wall":{"calls":1300,"totalMs":4765.058,"maxMs":56.542,"totalUnits":8000,"maxUnits":50,"over2Ms":852,"over10Ms":62,"over50Ms":1},"eventLoop.tickGap":{"calls":7745,"totalMs":96294.002,"maxMs":118.192,"totalUnits":0,"maxUnits":0,"over2Ms":7745,"over10Ms":6736,"over50Ms":31},"pg.declare.submitSync":{"calls":250,"totalMs":495.725,"maxMs":8.296,"totalUnits":0,"maxUnits":0,"over2Ms":81,"over10Ms":0,"over50Ms":0},"pg.declare.wall":{"calls":250,"totalMs":1857.241,"maxMs":45.225,"totalUnits":0,"maxUnits":0,"over2Ms":223,"over10Ms":62,"over50Ms":0},"pg.fetch.submitSync":{"calls":3000,"totalMs":3441.032,"maxMs":16.401,"totalUnits":0,"maxUnits":0,"over2Ms":600,"over10Ms":5,"over50Ms":0},"pg.fetch.wall":{"calls":3000,"totalMs":38491.672,"maxMs":289.318,"totalUnits":2802350,"maxUnits":1024,"over2Ms":2930,"over10Ms":1145,"over50Ms":57},"stats.content.lookup.step":{"calls":8850,"totalMs":3469.899,"maxMs":23.203,"totalUnits":1800000,"maxUnits":256,"over2Ms":204,"over10Ms":10,"over50Ms":0},"stats.content.lookup.slice":{"calls":2317,"totalMs":3659.564,"maxMs":24.187,"totalUnits":1800000,"maxUnits":1024,"over2Ms":534,"over10Ms":12,"over50Ms":0},"pg.consumeValues.wall":{"calls":1800,"totalMs":4284.841,"maxMs":48.776,"totalUnits":1800000,"maxUnits":1024,"over2Ms":622,"over10Ms":26,"over50Ms":0},"pg.fetch.yieldWait":{"calls":2750,"totalMs":1016.047,"maxMs":62.159,"totalUnits":0,"maxUnits":0,"over2Ms":54,"over10Ms":19,"over50Ms":1},"stats.content.lookup.yieldWait":{"calls":534,"totalMs":194.112,"maxMs":12.122,"totalUnits":0,"maxUnits":0,"over2Ms":14,"over10Ms":2,"over50Ms":0},"stats.normalize.step":{"calls":7100,"totalMs":506.528,"maxMs":7.135,"totalUnits":1800000,"maxUnits":256,"over2Ms":26,"over10Ms":0,"over50Ms":0},"stats.normalize.slice":{"calls":261,"totalMs":542.622,"maxMs":7.623,"totalUnits":1800000,"maxUnits":14080,"over2Ms":211,"over10Ms":0,"over50Ms":0},"stats.normalize.yieldWait":{"calls":211,"totalMs":128.163,"maxMs":35.092,"totalUnits":0,"maxUnits":0,"over2Ms":9,"over10Ms":2,"over50Ms":0},"pg.countListings.submitSync":{"calls":50,"totalMs":61.124,"maxMs":5.34,"totalUnits":0,"maxUnits":0,"over2Ms":14,"over10Ms":0,"over50Ms":0},"pg.countListings.wall":{"calls":50,"totalMs":10536.187,"maxMs":383.725,"totalUnits":50,"maxUnits":1,"over2Ms":50,"over10Ms":50,"over50Ms":50},"pg.appendRows.sync":{"calls":1200,"totalMs":100.425,"maxMs":5.041,"totalUnits":1002350,"maxUnits":1024,"over2Ms":5,"over10Ms":0,"over50Ms":0},"gc.pause":{"calls":342,"totalMs":4390.633,"maxMs":65.647,"totalUnits":0,"maxUnits":0,"over2Ms":332,"over10Ms":149,"over50Ms":7},"cooperative.step":{"calls":14750,"totalMs":2985.14,"maxMs":16.06,"totalUnits":1876800,"maxUnits":256,"over2Ms":214,"over10Ms":3,"over50Ms":0},"cooperative.slice":{"calls":1302,"totalMs":3091.509,"maxMs":16.691,"totalUnits":1876800,"maxUnits":8448,"over2Ms":1058,"over10Ms":5,"over50Ms":0},"cooperative.yieldWait":{"calls":1058,"totalMs":790.056,"maxMs":51.954,"totalUnits":0,"maxUnits":0,"over2Ms":37,"over10Ms":17,"over50Ms":1},"preload.ids.step":{"calls":3700,"totalMs":1870.188,"maxMs":12.574,"totalUnits":921600,"maxUnits":256,"over2Ms":162,"over10Ms":5,"over50Ms":0},"preload.ids.slice":{"calls":733,"totalMs":1914.457,"maxMs":14.025,"totalUnits":921600,"maxUnits":2816,"over2Ms":634,"over10Ms":7,"over50Ms":0},"preload.ids.yieldWait":{"calls":634,"totalMs":411.007,"maxMs":39.249,"totalUnits":0,"maxUnits":0,"over2Ms":25,"over10Ms":7,"over50Ms":0},"preload.relations.step":{"calls":3700,"totalMs":370.417,"maxMs":5.269,"totalUnits":921600,"maxUnits":256,"over2Ms":17,"over10Ms":0,"over50Ms":0},"preload.relations.slice":{"calls":244,"totalMs":389.056,"maxMs":5.895,"totalUnits":921600,"maxUnits":8192,"over2Ms":144,"over10Ms":0,"over50Ms":0},"preload.relations.yieldWait":{"calls":144,"totalMs":148.571,"maxMs":64.396,"totalUnits":0,"maxUnits":0,"over2Ms":4,"over10Ms":3,"over50Ms":1},"preload.prepIds.step":{"calls":3700,"totalMs":419.722,"maxMs":10.487,"totalUnits":921600,"maxUnits":256,"over2Ms":41,"over10Ms":1,"over50Ms":0},"preload.prepIds.slice":{"calls":230,"totalMs":438.931,"maxMs":10.579,"totalUnits":921600,"maxUnits":13824,"over2Ms":130,"over10Ms":1,"over50Ms":0},"preload.prepIds.yieldWait":{"calls":130,"totalMs":62.668,"maxMs":5.863,"totalUnits":0,"maxUnits":0,"over2Ms":7,"over10Ms":0,"over50Ms":0},"preload.extras.step":{"calls":3800,"totalMs":1395.727,"maxMs":67.457,"totalUnits":928100,"maxUnits":256,"over2Ms":224,"over10Ms":14,"over50Ms":1},"preload.extras.slice":{"calls":442,"totalMs":1411.011,"maxMs":67.457,"totalUnits":928100,"maxUnits":7680,"over2Ms":342,"over10Ms":15,"over50Ms":1},"preload.extras.yieldWait":{"calls":342,"totalMs":607.606,"maxMs":47.215,"totalUnits":0,"maxUnits":0,"over2Ms":28,"over10Ms":18,"over50Ms":0},"preload.routes.step":{"calls":3700,"totalMs":507.708,"maxMs":8.16,"totalUnits":921600,"maxUnits":256,"over2Ms":36,"over10Ms":0,"over50Ms":0},"preload.routes.slice":{"calls":286,"totalMs":530.237,"maxMs":10.035,"totalUnits":921600,"maxUnits":6656,"over2Ms":187,"over10Ms":1,"over50Ms":0},"preload.routes.yieldWait":{"calls":187,"totalMs":107.281,"maxMs":13.193,"totalUnits":0,"maxUnits":0,"over2Ms":10,"over10Ms":2,"over50Ms":0},"list.profile.step":{"calls":3650,"totalMs":1446.064,"maxMs":18.452,"totalUnits":925600,"maxUnits":256,"over2Ms":102,"over10Ms":7,"over50Ms":0},"list.build.slice":{"calls":1889,"totalMs":6174.245,"maxMs":35.013,"totalUnits":2879100,"maxUnits":7680,"over2Ms":1841,"over10Ms":54,"over50Ms":0},"list.build.yieldWait":{"calls":1841,"totalMs":1374.256,"maxMs":51.712,"totalUnits":0,"maxUnits":0,"over2Ms":100,"over10Ms":30,"over50Ms":1},"relations.index.step":{"calls":3650,"totalMs":734.861,"maxMs":20.23,"totalUnits":925600,"maxUnits":256,"over2Ms":82,"over10Ms":2,"over50Ms":0},"relations.missing.step":{"calls":200,"totalMs":29.72,"maxMs":1.885,"totalUnits":51150,"maxUnits":256,"over2Ms":0,"over10Ms":0,"over50Ms":0},"relations.pairs.step":{"calls":200,"totalMs":1554.635,"maxMs":34.192,"totalUnits":51150,"maxUnits":256,"over2Ms":200,"over10Ms":35,"over50Ms":0},"list.display.step":{"calls":3650,"totalMs":2276.86,"maxMs":22.402,"totalUnits":925600,"maxUnits":256,"over2Ms":138,"over10Ms":3,"over50Ms":0},"list.build.step":{"calls":50,"totalMs":1.756,"maxMs":0.126,"totalUnits":0,"maxUnits":0,"over2Ms":0,"over10Ms":0,"over50Ms":0},"list.sort.step":{"calls":34550,"totalMs":1990.877,"maxMs":17.79,"totalUnits":8744000,"maxUnits":256,"over2Ms":109,"over10Ms":1,"over50Ms":0},"list.sort.slice":{"calls":883,"totalMs":2117.303,"maxMs":18.283,"totalUnits":8744000,"maxUnits":37104,"over2Ms":833,"over10Ms":2,"over50Ms":0},"list.sort.yieldWait":{"calls":833,"totalMs":511.429,"maxMs":49.376,"totalUnits":0,"maxUnits":0,"over2Ms":46,"over10Ms":6,"over50Ms":0},"stats.profile.step":{"calls":7050,"totalMs":4030.791,"maxMs":51.295,"totalUnits":1800000,"maxUnits":256,"over2Ms":252,"over10Ms":13,"over50Ms":1},"stats.count.step":{"calls":7050,"totalMs":4141.217,"maxMs":28.858,"totalUnits":1800000,"maxUnits":256,"over2Ms":257,"over10Ms":13,"over50Ms":0},"stats.reduce.slice":{"calls":3081,"totalMs":8458.295,"maxMs":51.296,"totalUnits":3600000,"maxUnits":2048,"over2Ms":3031,"over10Ms":32,"over50Ms":1},"stats.reduce.yieldWait":{"calls":3031,"totalMs":1922.033,"maxMs":71.988,"totalUnits":0,"maxUnits":0,"over2Ms":195,"over10Ms":14,"over50Ms":1},"stats.reduce.step":{"calls":50,"totalMs":0.174,"maxMs":0.01,"totalUnits":0,"maxUnits":0,"over2Ms":0,"over10Ms":0,"over50Ms":0}},"workTimeline":{"pg.fetch.wall":[{"startMs":68332.684145,"endMs":68622.002373,"ms":289.3182279999892,"units":512},{"startMs":63903.24229,"endMs":64181.067429,"ms":277.8251390000005,"units":512},{"startMs":78384.025693,"endMs":78657.82945,"ms":273.8037570000015,"units":512},{"startMs":62101.854461,"endMs":62367.943823,"ms":266.0893619999988,"units":512},{"startMs":117601.29044,"endMs":117850.608228,"ms":249.3177880000003,"units":512},{"startMs":110751.791112,"endMs":111000.079037,"ms":248.2879249999969,"units":512},{"startMs":103223.011833,"endMs":103467.521627,"ms":244.50979399999778,"units":512},{"startMs":101243.672026,"endMs":101474.351872,"ms":230.6798459999991,"units":512},{"startMs":84061.772305,"endMs":84289.823438,"ms":228.05113300000085,"units":512},{"startMs":128399.817503,"endMs":128614.653868,"ms":214.83636499999557,"units":512},{"startMs":97128.780495,"endMs":97339.76551,"ms":210.98501499999838,"units":512},{"startMs":108997.445422,"endMs":109208.244819,"ms":210.79939699999522,"units":512},{"startMs":125010.877331,"endMs":125219.995207,"ms":209.1178760000039,"units":512},{"startMs":73915.063034,"endMs":74122.690222,"ms":207.62718799999857,"units":512},{"startMs":58302.628781,"endMs":58505.335674,"ms":202.7068930000023,"units":512},{"startMs":138413.904174,"endMs":138612.023079,"ms":198.11890500001027,"units":512},{"startMs":135187.739256,"endMs":135383.870336,"ms":196.13107999999193,"units":512},{"startMs":71424.873589,"endMs":71617.49622,"ms":192.62263100000564,"units":512},{"startMs":141705.513662,"endMs":141893.91995,"ms":188.4062879999983,"units":512},{"startMs":133376.238104,"endMs":133553.044793,"ms":176.8066890000191,"units":512},{"startMs":80308.632691,"endMs":80485.119361,"ms":176.4866699999984,"units":512},{"startMs":60381.753909,"endMs":60558.044294,"ms":176.29038500000024,"units":512},{"startMs":99104.736329,"endMs":99280.589463,"ms":175.85313399998995,"units":512},{"startMs":86402.781333,"endMs":86576.925872,"ms":174.1445390000008,"units":512},{"startMs":54296.010503,"endMs":54466.767764,"ms":170.75726099999883,"units":512},{"startMs":126624.058897,"endMs":126792.093143,"ms":168.03424600001017,"units":512},{"startMs":105399.482333,"endMs":105563.431255,"ms":163.94892199999595,"units":512},{"startMs":90854.859471,"endMs":91017.747552,"ms":162.88808099999733,"units":512},{"startMs":94974.52072,"endMs":95137.116696,"ms":162.59597599999688,"units":512},{"startMs":76302.015153,"endMs":76462.835793,"ms":160.82064000000537,"units":512},{"startMs":131592.798505,"endMs":131753.423208,"ms":160.6247029999795,"units":512},{"startMs":121517.909974,"endMs":121676.282894,"ms":158.3729200000089,"units":512}],"gc.pause":[{"startMs":93830.514258,"endMs":93896.16135177288,"ms":65.64709377288818,"units":0},{"startMs":91344.700267,"endMs":91406.94711987475,"ms":62.24685287475586,"units":0},{"startMs":65430.491408,"endMs":65491.015537867555,"ms":60.52412986755371,"units":0},{"startMs":102716.753481,"endMs":102772.1946471625,"ms":55.441166162490845,"units":0},{"startMs":93036.763095,"endMs":93088.05316577217,"ms":51.29007077217102,"units":0},{"startMs":52608.966237,"endMs":52659.1653889928,"ms":50.19915199279785,"units":0},{"startMs":75555.882873,"endMs":75605.98354786763,"ms":50.100674867630005,"units":0},{"startMs":134130.345735,"endMs":134177.76815502488,"ms":47.422420024871826,"units":0},{"startMs":142315.280528,"endMs":142361.76310484708,"ms":46.482576847076416,"units":0},{"startMs":99752.573721,"endMs":99798.07323104981,"ms":45.499510049819946,"units":0},{"startMs":118593.32027,"endMs":118636.46992105056,"ms":43.14965105056763,"units":0},{"startMs":101666.75681,"endMs":101708.97419219262,"ms":42.217382192611694,"units":0},{"startMs":68627.382064,"endMs":68666.84018196189,"ms":39.458117961883545,"units":0},{"startMs":74237.652469,"endMs":74276.73575719274,"ms":39.08328819274902,"units":0},{"startMs":111270.402273,"endMs":111308.91983014416,"ms":38.51755714416504,"units":0},{"startMs":82340.505889,"endMs":82378.83942514806,"ms":38.33353614807129,"units":0},{"startMs":100714.654517,"endMs":100751.86911899356,"ms":37.21460199356079,"units":0},{"startMs":69136.030933,"endMs":69172.91519794599,"ms":36.88426494598389,"units":0},{"startMs":52164.831917,"endMs":52201.32046909351,"ms":36.48855209350586,"units":0},{"startMs":135619.062051,"endMs":135655.26702708183,"ms":36.204976081848145,"units":0},{"startMs":96745.17767,"endMs":96780.97707891266,"ms":35.79940891265869,"units":0},{"startMs":56488.888054,"endMs":56523.78936301337,"ms":34.9013090133667,"units":0},{"startMs":141933.346709,"endMs":141967.58859013213,"ms":34.241881132125854,"units":0},{"startMs":99328.830755,"endMs":99362.91303706635,"ms":34.082282066345215,"units":0},{"startMs":126358.656748,"endMs":126391.63750785908,"ms":32.98075985908508,"units":0},{"startMs":123807.999244,"endMs":123840.13527300506,"ms":32.13602900505066,"units":0},{"startMs":90785.966466,"endMs":90817.94337396852,"ms":31.976907968521118,"units":0},{"startMs":138636.233539,"endMs":138668.00119699523,"ms":31.767657995224,"units":0},{"startMs":66332.715317,"endMs":66363.80872105464,"ms":31.093404054641724,"units":0},{"startMs":57094.490777,"endMs":57124.99273703914,"ms":30.501960039138794,"units":0},{"startMs":89112.123762,"endMs":89142.45624290744,"ms":30.332480907440186,"units":0},{"startMs":71014.330722,"endMs":71044.62886681735,"ms":30.298144817352295,"units":0}],"eventLoop.tickGap":[{"startMs":72241.745694,"endMs":72359.937369,"ms":118.19167500000913,"units":0},{"startMs":52997.942514,"endMs":53103.794004,"ms":105.85149000000092,"units":0},{"startMs":127382.520988,"endMs":127472.975784,"ms":90.45479599999089,"units":0},{"startMs":144415.734454,"endMs":144505.766129,"ms":90.03167500000563,"units":0},{"startMs":79232.000042,"endMs":79321.928854,"ms":89.92881199999829,"units":0},{"startMs":82919.195683,"endMs":83008.811629,"ms":89.61594600000535,"units":0},{"startMs":84535.891993,"endMs":84620.975955,"ms":85.08396200000425,"units":0},{"startMs":89401.582977,"endMs":89482.349938,"ms":80.76696100000117,"units":0},{"startMs":93828.08078,"endMs":93907.697323,"ms":79.61654299999645,"units":0},{"startMs":102566.467841,"endMs":102644.098422,"ms":77.63058099999034,"units":0},{"startMs":95833.427576,"endMs":95906.187598,"ms":72.76002200000221,"units":0},{"startMs":91344.427625,"endMs":91412.048811,"ms":67.62118600000395,"units":0},{"startMs":93030.527713,"endMs":93096.731556,"ms":66.20384299999569,"units":0},{"startMs":65429.792992,"endMs":65492.880038,"ms":63.087046000000555,"units":0},{"startMs":77227.78716,"endMs":77287.626563,"ms":59.83940299999085,"units":0},{"startMs":65321.834604,"endMs":65381.577813,"ms":59.743209000000206,"units":0},{"startMs":75555.46471,"endMs":75614.640033,"ms":59.17532300000312,"units":0},{"startMs":102714.024669,"endMs":102773.012534,"ms":58.98786499998823,"units":0},{"startMs":111714.433457,"endMs":111771.680082,"ms":57.24662499999977,"units":0},{"startMs":142314.011995,"endMs":142370.43762,"ms":56.42562500000349,"units":0},{"startMs":69673.063845,"endMs":69729.461442,"ms":56.39759700000286,"units":0},{"startMs":123800.898681,"endMs":123855.615155,"ms":54.716474000000744,"units":0},{"startMs":52607.37482,"endMs":52661.807546,"ms":54.43272599999909,"units":0},{"startMs":134129.962287,"endMs":134183.629105,"ms":53.666817999997875,"units":0},{"startMs":69135.703898,"endMs":69188.848339,"ms":53.14444099999673,"units":0},{"startMs":111263.668758,"endMs":111316.609999,"ms":52.94124099999317,"units":0},{"startMs":93736.531428,"endMs":93789.441811,"ms":52.91038299999491,"units":0},{"startMs":84620.975955,"endMs":84673.274948,"ms":52.298993000003975,"units":0},{"startMs":56483.513315,"endMs":56535.561974,"ms":52.04865900000004,"units":0},{"startMs":138624.475747,"endMs":138676.294904,"ms":51.81915700001991,"units":0},{"startMs":68618.972528,"endMs":68669.445755,"ms":50.47322699999495,"units":0},{"startMs":99751.54723,"endMs":99801.031402,"ms":49.48417199999676,"units":0}],"pg.fetch.yieldWait":[{"startMs":65429.695623,"endMs":65491.854826,"ms":62.15920300000289,"units":0},{"startMs":68627.276236,"endMs":68668.621559,"ms":41.34532300000137,"units":0},{"startMs":100714.592189,"endMs":100752.630595,"ms":38.03840599999239,"units":0},{"startMs":138636.11004,"endMs":138668.542399,"ms":32.43235899999854,"units":0},{"startMs":95169.595005,"endMs":95195.286063,"ms":25.691058000011253,"units":0},{"startMs":88927.582084,"endMs":88948.74112,"ms":21.159036000011838,"units":0},{"startMs":131769.306679,"endMs":131790.272189,"ms":20.96551000000909,"units":0},{"startMs":112808.53387,"endMs":112829.467695,"ms":20.93382500000007,"units":0},{"startMs":60586.645918,"endMs":60607.324831,"ms":20.6789129999961,"units":0},{"startMs":145562.344532,"endMs":145582.973441,"ms":20.62890900002094,"units":0}]},"measurementClock":{"timeOrigin":1790432689167.075,"startMs":51365.312023,"endMs":147643.887947},"processCpu":{"userMs":43346.427,"systemMs":6296.611,"wallMs":96278.575924},"idleRoundTripMs":{"samples":10,"p50":1.526981999995769,"max":3.865479999993113},"resultSignature":"d75a57c20695b67ee348505aa3c074ff1a05b769e5263b483f51a0285800423f","stageP95Ms":{"prepare_ms":108,"sql_ms":539,"preload_ms":260,"profile_ms":110,"relations_ms":92,"display_ms":93,"sort_ms":123,"preload_page_ms":62,"hydrate_ms":78,"stats_ms":1375.3985329999996,"stats_status_ms":14,"stats_candidates_ms":817,"stats_normalize_ms":28,"stats_auxiliary_ms":330,"stats_inputs_ms":1064,"stats_reuse_inputs_ms":0,"stats_provider_ms":0,"stats_profile_sync_ms":159.50039000005927,"stats_count_sync_ms":149.4137330000376,"stats_reduce_ms":432.47986200000014},"p50Ms":1923.1683120000089,"p95Ms":2402.7017100000085,"maxMs":3069.8665660000115,"lagP99Ms":35.487743,"lagMaxMs":117.637119,"rssPeakBytes":416038912,"heapPeakBytes":314553600,"queryCount":{"min":88,"p50":88,"max":88},"transactionStatements":{"min":4,"max":4},"errorCount":0,"timeoutCount":0,"errors":[],"ciSmokePassed":false,"lagTargetMet":false,"nasLatencyPassed":false,"contentStore":{"rows":36000,"bytes":55525548,"maxRows":50000,"maxBytes":67108864}}
PRB-PERF-CASE {"scope":"single","concurrency":4,"requests":50,"coldMs":3768.241792999994,"expected":{"matched":17488,"total":36000,"dbTotal":120000,"pageIds":[900301026,900301028,900301030,900301032,900301034,900301036,900301038,900301040,900301042,900301044,900301046,900301048,900301050,900301052,900301054,900301056,900301058,900301060,900301062,900301064,900301066,900301068,900301070,900301072,900301074,900301076,900301078,900301080,900301082,900301084,900301086,900301088,900301090,900301092,900301094,900301096,900301098,900301100,900301102,900301104,900301106,900301108,900301110,900301112,900301114,900301116,900301118,900301120,900301122,900301124]},"workDiagnostics":{"pg.query.submitSync":{"calls":1300,"totalMs":1084.142,"maxMs":77.261,"totalUnits":0,"maxUnits":0,"over2Ms":102,"over10Ms":6,"over50Ms":1},"pg.query.wall":{"calls":1300,"totalMs":15593.301,"maxMs":150.998,"totalUnits":8000,"maxUnits":50,"over2Ms":1273,"over10Ms":604,"over50Ms":11},"eventLoop.tickGap":{"calls":3856,"totalMs":64407.976,"maxMs":360.436,"totalUnits":0,"maxUnits":0,"over2Ms":3856,"over10Ms":3597,"over50Ms":61},"pg.declare.submitSync":{"calls":250,"totalMs":362.858,"maxMs":8.572,"totalUnits":0,"maxUnits":0,"over2Ms":52,"over10Ms":0,"over50Ms":0},"pg.declare.wall":{"calls":250,"totalMs":4899.842,"maxMs":149.212,"totalUnits":0,"maxUnits":0,"over2Ms":249,"over10Ms":168,"over50Ms":12},"pg.fetch.submitSync":{"calls":3000,"totalMs":1945.863,"maxMs":16.965,"totalUnits":0,"maxUnits":0,"over2Ms":227,"over10Ms":3,"over50Ms":0},"pg.fetch.wall":{"calls":3000,"totalMs":96892.631,"maxMs":764.123,"totalUnits":2802350,"maxUnits":1024,"over2Ms":2996,"over10Ms":2580,"over50Ms":307},"stats.content.lookup.step":{"calls":8850,"totalMs":4150.054,"maxMs":34.892,"totalUnits":1800000,"maxUnits":256,"over2Ms":366,"over10Ms":13,"over50Ms":0},"stats.content.lookup.slice":{"calls":2515,"totalMs":4360.016,"maxMs":35.444,"totalUnits":1800000,"maxUnits":1024,"over2Ms":732,"over10Ms":15,"over50Ms":0},"pg.consumeValues.wall":{"calls":1800,"totalMs":9979.167,"maxMs":299.04,"totalUnits":1800000,"maxUnits":1024,"over2Ms":755,"over10Ms":272,"over50Ms":12},"pg.fetch.yieldWait":{"calls":2750,"totalMs":17165.054,"maxMs":149.544,"totalUnits":0,"maxUnits":0,"over2Ms":2120,"over10Ms":418,"over50Ms":18},"stats.content.lookup.yieldWait":{"calls":732,"totalMs":5154.819,"maxMs":214.961,"totalUnits":0,"maxUnits":0,"over2Ms":518,"over10Ms":133,"over50Ms":8},"gc.pause":{"calls":330,"totalMs":5265.103,"maxMs":121.346,"totalUnits":0,"maxUnits":0,"over2Ms":329,"over10Ms":192,"over50Ms":11},"stats.normalize.step":{"calls":7100,"totalMs":554.086,"maxMs":8.428,"totalUnits":1800000,"maxUnits":256,"over2Ms":35,"over10Ms":0,"over50Ms":0},"stats.normalize.slice":{"calls":266,"totalMs":583.829,"maxMs":9.211,"totalUnits":1800000,"maxUnits":13824,"over2Ms":216,"over10Ms":0,"over50Ms":0},"stats.normalize.yieldWait":{"calls":216,"totalMs":1862.314,"maxMs":70.549,"totalUnits":0,"maxUnits":0,"over2Ms":184,"over10Ms":52,"over50Ms":3},"pg.countListings.submitSync":{"calls":50,"totalMs":23.549,"maxMs":3.509,"totalUnits":0,"maxUnits":0,"over2Ms":2,"over10Ms":0,"over50Ms":0},"pg.countListings.wall":{"calls":50,"totalMs":11195.477,"maxMs":941.78,"totalUnits":50,"maxUnits":1,"over2Ms":50,"over10Ms":50,"over50Ms":50},"pg.appendRows.sync":{"calls":1200,"totalMs":122.289,"maxMs":7.396,"totalUnits":1002350,"maxUnits":1024,"over2Ms":12,"over10Ms":0,"over50Ms":0},"cooperative.step":{"calls":14750,"totalMs":3198.67,"maxMs":23.91,"totalUnits":1876800,"maxUnits":256,"over2Ms":261,"over10Ms":15,"over50Ms":0},"cooperative.slice":{"calls":1326,"totalMs":3311.113,"maxMs":24.209,"totalUnits":1876800,"maxUnits":8448,"over2Ms":1082,"over10Ms":18,"over50Ms":0},"cooperative.yieldWait":{"calls":1082,"totalMs":8426.391,"maxMs":75.903,"totalUnits":0,"maxUnits":0,"over2Ms":874,"over10Ms":240,"over50Ms":9},"preload.ids.step":{"calls":3700,"totalMs":2024.84,"maxMs":23.665,"totalUnits":921600,"maxUnits":256,"over2Ms":208,"over10Ms":6,"over50Ms":0},"preload.ids.slice":{"calls":746,"totalMs":2078.939,"maxMs":26.639,"totalUnits":921600,"maxUnits":3072,"over2Ms":647,"over10Ms":8,"over50Ms":0},"preload.ids.yieldWait":{"calls":647,"totalMs":5073.478,"maxMs":93.014,"totalUnits":0,"maxUnits":0,"over2Ms":546,"over10Ms":171,"over50Ms":3},"preload.relations.step":{"calls":3700,"totalMs":443.411,"maxMs":10.908,"totalUnits":921600,"maxUnits":256,"over2Ms":34,"over10Ms":1,"over50Ms":0},"preload.relations.slice":{"calls":260,"totalMs":463.967,"maxMs":12.507,"totalUnits":921600,"maxUnits":8704,"over2Ms":161,"over10Ms":1,"over50Ms":0},"preload.relations.yieldWait":{"calls":161,"totalMs":963.041,"maxMs":24.621,"totalUnits":0,"maxUnits":0,"over2Ms":119,"over10Ms":29,"over50Ms":0},"preload.prepIds.step":{"calls":3700,"totalMs":320.351,"maxMs":9.917,"totalUnits":921600,"maxUnits":256,"over2Ms":18,"over10Ms":0,"over50Ms":0},"preload.prepIds.slice":{"calls":197,"totalMs":331.834,"maxMs":11.156,"totalUnits":921600,"maxUnits":14336,"over2Ms":98,"over10Ms":3,"over50Ms":0},"preload.prepIds.yieldWait":{"calls":98,"totalMs":690.629,"maxMs":38.899,"totalUnits":0,"maxUnits":0,"over2Ms":76,"over10Ms":18,"over50Ms":0},"preload.extras.step":{"calls":3800,"totalMs":1461.129,"maxMs":55.58,"totalUnits":928100,"maxUnits":256,"over2Ms":230,"over10Ms":16,"over50Ms":2},"preload.extras.slice":{"calls":453,"totalMs":1478.804,"maxMs":55.581,"totalUnits":928100,"maxUnits":7424,"over2Ms":354,"over10Ms":16,"over50Ms":2},"preload.extras.yieldWait":{"calls":354,"totalMs":3213.001,"maxMs":112.385,"totalUnits":0,"maxUnits":0,"over2Ms":290,"over10Ms":88,"over50Ms":8},"preload.routes.step":{"calls":3700,"totalMs":529.465,"maxMs":7.771,"totalUnits":921600,"maxUnits":256,"over2Ms":39,"over10Ms":0,"over50Ms":0},"preload.routes.slice":{"calls":294,"totalMs":555.802,"maxMs":9.339,"totalUnits":921600,"maxUnits":6656,"over2Ms":195,"over10Ms":0,"over50Ms":0},"preload.routes.yieldWait":{"calls":195,"totalMs":1436.69,"maxMs":58.416,"totalUnits":0,"maxUnits":0,"over2Ms":161,"over10Ms":46,"over50Ms":1},"list.profile.step":{"calls":3650,"totalMs":1511.107,"maxMs":36.164,"totalUnits":925600,"maxUnits":256,"over2Ms":104,"over10Ms":10,"over50Ms":0},"list.build.slice":{"calls":1893,"totalMs":6778.026,"maxMs":75.899,"totalUnits":2879100,"maxUnits":7424,"over2Ms":1846,"over10Ms":68,"over50Ms":1},"list.build.yieldWait":{"calls":1846,"totalMs":15396.508,"maxMs":102.691,"totalUnits":0,"maxUnits":0,"over2Ms":1563,"over10Ms":490,"over50Ms":14},"relations.index.step":{"calls":3650,"totalMs":892.769,"maxMs":75.898,"totalUnits":925600,"maxUnits":256,"over2Ms":105,"over10Ms":3,"over50Ms":1},"relations.missing.step":{"calls":200,"totalMs":32.965,"maxMs":4.01,"totalUnits":51150,"maxUnits":256,"over2Ms":2,"over10Ms":0,"over50Ms":0},"relations.pairs.step":{"calls":200,"totalMs":1735.904,"maxMs":32.955,"totalUnits":51150,"maxUnits":256,"over2Ms":200,"over10Ms":45,"over50Ms":0},"list.display.step":{"calls":3650,"totalMs":2458.156,"maxMs":17.78,"totalUnits":925600,"maxUnits":256,"over2Ms":187,"over10Ms":3,"over50Ms":0},"list.build.step":{"calls":50,"totalMs":2.527,"maxMs":0.691,"totalUnits":0,"maxUnits":0,"over2Ms":0,"over10Ms":0,"over50Ms":0},"list.sort.step":{"calls":34550,"totalMs":2192.026,"maxMs":16.445,"totalUnits":8744000,"maxUnits":256,"over2Ms":159,"over10Ms":5,"over50Ms":0},"list.sort.slice":{"calls":893,"totalMs":2348.605,"maxMs":16.888,"totalUnits":8744000,"maxUnits":37024,"over2Ms":843,"over10Ms":6,"over50Ms":0},"list.sort.yieldWait":{"calls":843,"totalMs":6699.895,"maxMs":104.242,"totalUnits":0,"maxUnits":0,"over2Ms":719,"over10Ms":216,"over50Ms":3},"stats.profile.step":{"calls":7050,"totalMs":3640.509,"maxMs":37.05,"totalUnits":1800000,"maxUnits":256,"over2Ms":247,"over10Ms":17,"over50Ms":0},"stats.count.step":{"calls":7050,"totalMs":4140.478,"maxMs":79.083,"totalUnits":1800000,"maxUnits":256,"over2Ms":288,"over10Ms":16,"over50Ms":1},"stats.reduce.slice":{"calls":2851,"totalMs":8060.013,"maxMs":79.09,"totalUnits":3600000,"maxUnits":2048,"over2Ms":2801,"over10Ms":35,"over50Ms":1},"stats.reduce.yieldWait":{"calls":2801,"totalMs":23985.069,"maxMs":113.074,"totalUnits":0,"maxUnits":0,"over2Ms":2389,"over10Ms":774,"over50Ms":21},"stats.reduce.step":{"calls":50,"totalMs":0.167,"maxMs":0.011,"totalUnits":0,"maxUnits":0,"over2Ms":0,"over10Ms":0,"over50Ms":0}},"workTimeline":{"eventLoop.tickGap":[{"startMs":201499.565338,"endMs":201860.00146,"ms":360.4361220000137,"units":0},{"startMs":224300.414901,"endMs":224460.830189,"ms":160.41528799998923,"units":0},{"startMs":209187.097398,"endMs":209332.096102,"ms":144.99870399999782,"units":0},{"startMs":201371.815134,"endMs":201499.565338,"ms":127.75020399998175,"units":0},{"startMs":216912.184134,"endMs":217031.049772,"ms":118.8656379999884,"units":0},{"startMs":184394.852234,"endMs":184512.738697,"ms":117.88646300000255,"units":0},{"startMs":184229.784176,"endMs":184345.664322,"ms":115.88014600001043,"units":0},{"startMs":224103.04286,"endMs":224218.484542,"ms":115.44168200000422,"units":0},{"startMs":242131.840819,"endMs":242246.324269,"ms":114.48344999999972,"units":0},{"startMs":233876.610402,"endMs":233976.873233,"ms":100.262831,"units":0},{"startMs":233976.873233,"endMs":234071.988323,"ms":95.1150900000066,"units":0},{"startMs":233699.998864,"endMs":233795.030437,"ms":95.03157300001476,"units":0},{"startMs":229947.330567,"endMs":230039.723306,"ms":92.39273900000262,"units":0},{"startMs":217079.579602,"endMs":217171.418475,"ms":91.8388730000006,"units":0},{"startMs":209418.837937,"endMs":209510.445185,"ms":91.6072479999857,"units":0},{"startMs":189736.160298,"endMs":189824.522743,"ms":88.36244500000612,"units":0},{"startMs":205788.455818,"endMs":205876.68391,"ms":88.22809200000484,"units":0},{"startMs":233795.030437,"endMs":233876.610402,"ms":81.57996499998262,"units":0},{"startMs":237810.745269,"endMs":237891.333867,"ms":80.5885980000021,"units":0},{"startMs":197028.236315,"endMs":197107.725151,"ms":79.48883600000408,"units":0},{"startMs":239058.626822,"endMs":239137.837906,"ms":79.21108400000958,"units":0},{"startMs":198791.960757,"endMs":198870.043475,"ms":78.08271800001967,"units":0},{"startMs":228348.333715,"endMs":228426.230306,"ms":77.89659100002609,"units":0},{"startMs":231616.270447,"endMs":231690.089361,"ms":73.81891400000313,"units":0},{"startMs":189297.687989,"endMs":189371.227943,"ms":73.53995400000713,"units":0},{"startMs":217844.551919,"endMs":217915.264315,"ms":70.71239600001718,"units":0},{"startMs":224218.484542,"endMs":224286.496801,"ms":68.01225900001009,"units":0},{"startMs":226073.072727,"endMs":226140.41495,"ms":67.3422230000142,"units":0},{"startMs":215239.025547,"endMs":215306.075807,"ms":67.05025999998907,"units":0},{"startMs":186706.598455,"endMs":186773.541845,"ms":66.94339000000036,"units":0},{"startMs":209121.351387,"endMs":209187.097398,"ms":65.74601100001018,"units":0},{"startMs":234502.405707,"endMs":234567.390418,"ms":64.98471099999733,"units":0}],"pg.fetch.wall":[{"startMs":203335.345929,"endMs":204099.46922,"ms":764.1232909999962,"units":512},{"startMs":207747.922426,"endMs":208437.546926,"ms":689.6245000000054,"units":512},{"startMs":187167.236656,"endMs":187809.311045,"ms":642.0743890000158,"units":512},{"startMs":241633.270556,"endMs":242239.018156,"ms":605.7476000000024,"units":512},{"startMs":224660.295976,"endMs":225257.77024,"ms":597.4742640000186,"units":512},{"startMs":208705.877856,"endMs":209266.524579,"ms":560.6467229999835,"units":512},{"startMs":186356.756018,"endMs":186906.061746,"ms":549.3057280000066,"units":512},{"startMs":187102.996391,"endMs":187649.830148,"ms":546.8337570000149,"units":512},{"startMs":219827.539093,"endMs":220352.096743,"ms":524.5576500000025,"units":512},{"startMs":181320.469993,"endMs":181843.70076,"ms":523.2307670000009,"units":512},{"startMs":231187.281286,"endMs":231700.750939,"ms":513.4696529999783,"units":512},{"startMs":214727.875978,"endMs":215236.987423,"ms":509.11144500001683,"units":512},{"startMs":181327.66768,"endMs":181820.422108,"ms":492.75442799998564,"units":512},{"startMs":197884.492805,"endMs":198369.948761,"ms":485.4559560000198,"units":512},{"startMs":225161.047431,"endMs":225636.193629,"ms":475.1461979999731,"units":512},{"startMs":197844.605715,"endMs":198317.605838,"ms":473.00012299997616,"units":512},{"startMs":187471.303075,"endMs":187926.673433,"ms":455.3703579999856,"units":512},{"startMs":198428.01039,"endMs":198874.068319,"ms":446.05792900000233,"units":512},{"startMs":222836.063852,"endMs":223276.433743,"ms":440.3698910000094,"units":512},{"startMs":232105.937582,"endMs":232526.524664,"ms":420.58708199998364,"units":512},{"startMs":181529.866571,"endMs":181923.212593,"ms":393.34602200001245,"units":512},{"startMs":219548.266287,"endMs":219936.373269,"ms":388.1069819999975,"units":512},{"startMs":195218.450854,"endMs":195601.465675,"ms":383.01482100001886,"units":512},{"startMs":201493.102838,"endMs":201874.051863,"ms":380.949025000009,"units":1024},{"startMs":231004.249611,"endMs":231377.303695,"ms":373.05408400000306,"units":512},{"startMs":203844.13347,"endMs":204216.091339,"ms":371.9578690000053,"units":512},{"startMs":190883.012371,"endMs":191243.713155,"ms":360.7007840000151,"units":512},{"startMs":214622.405303,"endMs":214977.620275,"ms":355.21497199998703,"units":512},{"startMs":216820.763565,"endMs":217173.474583,"ms":352.7110180000018,"units":512},{"startMs":192049.463421,"endMs":192401.585357,"ms":352.12193600001046,"units":512},{"startMs":204911.321208,"endMs":205252.71428,"ms":341.3930719999771,"units":512},{"startMs":192138.038156,"endMs":192475.254603,"ms":337.21644700001343,"units":512}],"pg.fetch.yieldWait":[{"startMs":224300.333865,"endMs":224449.877453,"ms":149.54358800000045,"units":0},{"startMs":201493.997665,"endMs":201636.661615,"ms":142.66394999998738,"units":0},{"startMs":201371.63326,"endMs":201492.984266,"ms":121.3510060000117,"units":0},{"startMs":233876.566391,"endMs":233976.352687,"ms":99.78629600000568,"units":0},{"startMs":217079.516573,"endMs":217170.635881,"ms":91.11930799999391,"units":0},{"startMs":209436.186947,"endMs":209506.679143,"ms":70.49219599997741,"units":0},{"startMs":224218.267008,"endMs":224283.398843,"ms":65.13183500000741,"units":0},{"startMs":209266.662306,"endMs":209331.564043,"ms":64.90173699997831,"units":0},{"startMs":217844.466704,"endMs":217908.420273,"ms":63.95356900000479,"units":0},{"startMs":196285.019118,"endMs":196345.210208,"ms":60.191090000007534,"units":0},{"startMs":217842.193968,"endMs":217901.481246,"ms":59.287278000003425,"units":0},{"startMs":226081.131381,"endMs":226139.674607,"ms":58.54322599997977,"units":0},{"startMs":215238.472336,"endMs":215296.970591,"ms":58.498254999984056,"units":0},{"startMs":229322.284851,"endMs":229377.604863,"ms":55.32001199998194,"units":0},{"startMs":228610.011554,"endMs":228665.13025,"ms":55.11869599999045,"units":0},{"startMs":213382.803692,"endMs":213437.814922,"ms":55.01123000000371,"units":0},{"startMs":232820.61107,"endMs":232874.232516,"ms":53.62144599997555,"units":0},{"startMs":234975.341279,"endMs":235026.11593,"ms":50.77465100001427,"units":0},{"startMs":226305.06827,"endMs":226351.255638,"ms":46.18736800001352,"units":0},{"startMs":180537.836943,"endMs":180582.493664,"ms":44.656721000006655,"units":0},{"startMs":180537.606907,"endMs":180581.95883,"ms":44.35192299998016,"units":0},{"startMs":226409.188199,"endMs":226453.49595,"ms":44.30775100001483,"units":0},{"startMs":202602.83318,"endMs":202646.131298,"ms":43.29811800000607,"units":0},{"startMs":202604.404026,"endMs":202647.037871,"ms":42.63384500000393,"units":0},{"startMs":226411.784831,"endMs":226454.113593,"ms":42.32876199999009,"units":0},{"startMs":215384.347094,"endMs":215424.920642,"ms":40.57354800001485,"units":0},{"startMs":227642.325776,"endMs":227681.659533,"ms":39.33375699998578,"units":0},{"startMs":229556.566559,"endMs":229595.082903,"ms":38.5163440000033,"units":0},{"startMs":224840.014972,"endMs":224878.053416,"ms":38.038444000005256,"units":0},{"startMs":207158.807721,"endMs":207196.655946,"ms":37.848225000023376,"units":0},{"startMs":180544.999677,"endMs":180582.809691,"ms":37.81001399998786,"units":0},{"startMs":237493.068327,"endMs":237530.684995,"ms":37.61666800000239,"units":0}],"gc.pause":[{"startMs":201662.482101,"endMs":201783.82810906236,"ms":121.34600806236267,"units":0},{"startMs":217080.064966,"endMs":217162.42670015185,"ms":82.36173415184021,"units":0},{"startMs":242132.171246,"endMs":242212.07624907084,"ms":79.9050030708313,"units":0},{"startMs":233985.488166,"endMs":234063.5701178566,"ms":78.08195185661316,"units":0},{"startMs":184403.963157,"endMs":184477.0320501942,"ms":73.06889319419861,"units":0},{"startMs":224378.246471,"endMs":224449.64653618363,"ms":71.40006518363953,"units":0},{"startMs":198798.36884,"endMs":198861.61844803987,"ms":63.24960803985596,"units":0},{"startMs":213383.251057,"endMs":213437.31353482706,"ms":54.062477827072144,"units":0},{"startMs":196290.592483,"endMs":196342.44923801822,"ms":51.85675501823425,"units":0},{"startMs":186714.238412,"endMs":186765.21676788456,"ms":50.978355884552,"units":0},{"startMs":185960.884908,"endMs":186011.46077016927,"ms":50.57586216926575,"units":0},{"startMs":197289.967634,"endMs":197338.6426210777,"ms":48.67498707771301,"units":0},{"startMs":208184.955186,"endMs":208233.3821478988,"ms":48.42696189880371,"units":0},{"startMs":231616.560261,"endMs":231664.93075512728,"ms":48.37049412727356,"units":0},{"startMs":209441.381059,"endMs":209487.86968714904,"ms":46.48862814903259,"units":0},{"startMs":226081.285648,"endMs":226125.78869403576,"ms":44.5030460357666,"units":0},{"startMs":228611.958849,"endMs":228655.76890497113,"ms":43.81005597114563,"units":0},{"startMs":193493.570488,"endMs":193535.84254815587,"ms":42.27206015586853,"units":0},{"startMs":203549.672485,"endMs":203591.63590491423,"ms":41.963419914245605,"units":0},{"startMs":191263.220619,"endMs":191302.77978710036,"ms":39.559168100357056,"units":0},{"startMs":213726.582426,"endMs":213765.31408994235,"ms":38.731663942337036,"units":0},{"startMs":186297.722448,"endMs":186336.42573297885,"ms":38.70328497886658,"units":0},{"startMs":223929.96393,"endMs":223967.83625899666,"ms":37.872328996658325,"units":0},{"startMs":191567.218111,"endMs":191603.4939651107,"ms":36.27585411071777,"units":0},{"startMs":210348.029876,"endMs":210384.09678698212,"ms":36.06691098213196,"units":0},{"startMs":225402.016156,"endMs":225436.3830960215,"ms":34.36694002151489,"units":0},{"startMs":203991.605991,"endMs":204025.7073868454,"ms":34.10139584541321,"units":0},{"startMs":208613.007484,"endMs":208646.5216281822,"ms":33.5141441822052,"units":0},{"startMs":234517.867611,"endMs":234551.36471302217,"ms":33.49710202217102,"units":0},{"startMs":180064.033881,"endMs":180097.40513711306,"ms":33.37125611305237,"units":0},{"startMs":217844.89837,"endMs":217876.44019100297,"ms":31.541821002960205,"units":0},{"startMs":230007.757768,"endMs":230039.2267001518,"ms":31.468932151794434,"units":0}]},"measurementClock":{"timeOrigin":1790432689167.075,"startMs":179235.928106,"endMs":243632.451126},"processCpu":{"userMs":38685.914,"systemMs":4865.757,"wallMs":64396.52301999999},"idleRoundTripMs":{"samples":10,"p50":1.705022000009194,"max":7.518656000000192},"resultSignature":"d75a57c20695b67ee348505aa3c074ff1a05b769e5263b483f51a0285800423f","stageP95Ms":{"prepare_ms":312,"sql_ms":1371,"preload_ms":649,"profile_ms":392,"relations_ms":240,"display_ms":331,"sort_ms":332,"preload_page_ms":128,"hydrate_ms":61,"stats_ms":3471.5427439999767,"stats_status_ms":43,"stats_candidates_ms":2227,"stats_normalize_ms":108,"stats_auxiliary_ms":508,"stats_inputs_ms":2543,"stats_reuse_inputs_ms":0,"stats_provider_ms":0,"stats_profile_sync_ms":125.5891100000299,"stats_count_sync_ms":157.2752610000316,"stats_reduce_ms":1212.243604999996},"p50Ms":5043.707813999994,"p95Ms":6040.110015999991,"maxMs":6570.6654160000035,"lagP99Ms":59.015167,"lagMaxMs":358.612991,"rssPeakBytes":590303232,"heapPeakBytes":486238264,"queryCount":{"min":88,"p50":88,"max":88},"transactionStatements":{"min":4,"max":4},"errorCount":0,"timeoutCount":0,"errors":[],"ciSmokePassed":null,"lagTargetMet":false,"nasLatencyPassed":false,"contentStore":{"rows":36000,"bytes":55525548,"maxRows":50000,"maxBytes":67108864}}
PRB-PERF-CASE {"scope":"all","concurrency":1,"requests":50,"coldMs":4174.967076000001,"expected":{"matched":34977,"total":36000,"dbTotal":120000,"pageIds":[900300001,900301025,900301026,900301027,900301028,900301029,900301030,900301031,900301032,900301033,900301034,900301035,900301036,900301037,900301038,900301039,900301040,900301041,900301042,900301043,900301044,900301045,900301046,900301047,900301048,900301049,900301050,900301051,900301052,900301053,900301054,900301055,900301056,900301057,900301058,900301059,900301060,900301061,900301062,900301063,900301064,900301065,900301066,900301067,900301068,900301069,900301070,900301071,900301072,900301073]},"workDiagnostics":{"pg.query.submitSync":{"calls":1250,"totalMs":1241.073,"maxMs":20.767,"totalUnits":0,"maxUnits":0,"over2Ms":148,"over10Ms":2,"over50Ms":0},"pg.query.wall":{"calls":1250,"totalMs":4810.831,"maxMs":58.106,"totalUnits":8250,"maxUnits":51,"over2Ms":892,"over10Ms":60,"over50Ms":1},"eventLoop.tickGap":{"calls":8349,"totalMs":105560.038,"maxMs":190.195,"totalUnits":0,"maxUnits":0,"over2Ms":8349,"over10Ms":7117,"over50Ms":44},"pg.declare.submitSync":{"calls":100,"totalMs":125.762,"maxMs":5.829,"totalUnits":0,"maxUnits":0,"over2Ms":21,"over10Ms":0,"over50Ms":0},"pg.declare.wall":{"calls":100,"totalMs":583.685,"maxMs":22.552,"totalUnits":0,"maxUnits":0,"over2Ms":100,"over10Ms":6,"over50Ms":0},"pg.fetch.submitSync":{"calls":3600,"totalMs":3680.182,"maxMs":19.628,"totalUnits":0,"maxUnits":0,"over2Ms":563,"over10Ms":6,"over50Ms":0},"pg.fetch.wall":{"calls":3600,"totalMs":39947.964,"maxMs":256.563,"totalUnits":3600000,"maxUnits":1024,"over2Ms":3600,"over10Ms":1226,"over50Ms":59},"stats.content.lookup.step":{"calls":8850,"totalMs":3692.687,"maxMs":32.814,"totalUnits":1800000,"maxUnits":256,"over2Ms":223,"over10Ms":6,"over50Ms":0},"stats.content.lookup.slice":{"calls":2419,"totalMs":3899.326,"maxMs":32.815,"totalUnits":1800000,"maxUnits":1024,"over2Ms":645,"over10Ms":6,"over50Ms":0},"pg.consumeValues.wall":{"calls":1800,"totalMs":4570.692,"maxMs":69.349,"totalUnits":1800000,"maxUnits":1024,"over2Ms":687,"over10Ms":22,"over50Ms":1},"pg.fetch.yieldWait":{"calls":3500,"totalMs":1186.284,"maxMs":37.218,"totalUnits":0,"maxUnits":0,"over2Ms":64,"over10Ms":23,"over50Ms":0},"stats.content.lookup.yieldWait":{"calls":645,"totalMs":248.575,"maxMs":29.591,"totalUnits":0,"maxUnits":0,"over2Ms":17,"over10Ms":2,"over50Ms":0},"gc.pause":{"calls":410,"totalMs":5431.438,"maxMs":99.53,"totalUnits":0,"maxUnits":0,"over2Ms":398,"over10Ms":189,"over50Ms":7},"stats.normalize.step":{"calls":7100,"totalMs":496.937,"maxMs":4.955,"totalUnits":1800000,"maxUnits":256,"over2Ms":23,"over10Ms":0,"over50Ms":0},"stats.normalize.slice":{"calls":256,"totalMs":534.596,"maxMs":7.992,"totalUnits":1800000,"maxUnits":14080,"over2Ms":206,"over10Ms":0,"over50Ms":0},"stats.normalize.yieldWait":{"calls":206,"totalMs":225.75,"maxMs":38.202,"totalUnits":0,"maxUnits":0,"over2Ms":10,"over10Ms":6,"over50Ms":0},"pg.countListings.submitSync":{"calls":50,"totalMs":34.334,"maxMs":3.271,"totalUnits":0,"maxUnits":0,"over2Ms":5,"over10Ms":0,"over50Ms":0},"pg.countListings.wall":{"calls":50,"totalMs":9839.669,"maxMs":487.814,"totalUnits":50,"maxUnits":1,"over2Ms":50,"over10Ms":50,"over50Ms":50},"pg.appendRows.sync":{"calls":1800,"totalMs":157.361,"maxMs":3.922,"totalUnits":1800000,"maxUnits":1024,"over2Ms":9,"over10Ms":0,"over50Ms":0},"cooperative.step":{"calls":21250,"totalMs":3698.155,"maxMs":16.607,"totalUnits":3600000,"maxUnits":256,"over2Ms":260,"over10Ms":7,"over50Ms":0},"cooperative.slice":{"calls":1539,"totalMs":3848.364,"maxMs":16.834,"totalUnits":3600000,"maxUnits":9216,"over2Ms":1393,"over10Ms":8,"over50Ms":0},"cooperative.yieldWait":{"calls":1393,"totalMs":886.423,"maxMs":45.297,"totalUnits":0,"maxUnits":0,"over2Ms":42,"over10Ms":18,"over50Ms":0},"preload.ids.step":{"calls":7100,"totalMs":3265.176,"maxMs":20.938,"totalUnits":1792000,"maxUnits":256,"over2Ms":230,"over10Ms":12,"over50Ms":0},"preload.ids.slice":{"calls":1227,"totalMs":3370.799,"maxMs":21.672,"totalUnits":1792000,"maxUnits":4352,"over2Ms":1128,"over10Ms":15,"over50Ms":0},"preload.ids.yieldWait":{"calls":1128,"totalMs":695.172,"maxMs":64.551,"totalUnits":0,"maxUnits":0,"over2Ms":38,"over10Ms":11,"over50Ms":2},"preload.relations.step":{"calls":7100,"totalMs":515.867,"maxMs":4.499,"totalUnits":1792000,"maxUnits":256,"over2Ms":38,"over10Ms":0,"over50Ms":0},"preload.relations.slice":{"calls":304,"totalMs":547.179,"maxMs":5.323,"totalUnits":1792000,"maxUnits":15104,"over2Ms":206,"over10Ms":0,"over50Ms":0},"preload.relations.yieldWait":{"calls":206,"totalMs":139.337,"maxMs":16.713,"totalUnits":0,"maxUnits":0,"over2Ms":12,"over10Ms":3,"over50Ms":0},"preload.prepIds.step":{"calls":7100,"totalMs":776.349,"maxMs":8.015,"totalUnits":1792000,"maxUnits":256,"over2Ms":42,"over10Ms":0,"over50Ms":0},"preload.prepIds.slice":{"calls":418,"totalMs":834.347,"maxMs":16.11,"totalUnits":1792000,"maxUnits":16128,"over2Ms":318,"over10Ms":1,"over50Ms":0},"preload.prepIds.yieldWait":{"calls":318,"totalMs":189.043,"maxMs":35.563,"totalUnits":0,"maxUnits":0,"over2Ms":8,"over10Ms":3,"over50Ms":0},"preload.extras.step":{"calls":7200,"totalMs":1347.066,"maxMs":144.293,"totalUnits":1802500,"maxUnits":256,"over2Ms":220,"over10Ms":5,"over50Ms":1},"preload.extras.slice":{"calls":458,"totalMs":1371.385,"maxMs":144.293,"totalUnits":1802500,"maxUnits":14848,"over2Ms":358,"over10Ms":5,"over50Ms":1},"preload.extras.yieldWait":{"calls":358,"totalMs":465.547,"maxMs":37.826,"totalUnits":0,"maxUnits":0,"over2Ms":23,"over10Ms":14,"over50Ms":0},"preload.routes.step":{"calls":7100,"totalMs":796.777,"maxMs":12.974,"totalUnits":1792000,"maxUnits":256,"over2Ms":59,"over10Ms":2,"over50Ms":0},"preload.routes.slice":{"calls":375,"totalMs":841.264,"maxMs":14.796,"totalUnits":1792000,"maxUnits":10240,"over2Ms":276,"over10Ms":4,"over50Ms":0},"preload.routes.yieldWait":{"calls":276,"totalMs":224.005,"maxMs":62.517,"totalUnits":0,"maxUnits":0,"over2Ms":14,"over10Ms":4,"over50Ms":1},"list.profile.step":{"calls":7050,"totalMs":2494.95,"maxMs":22.329,"totalUnits":1800000,"maxUnits":256,"over2Ms":160,"over10Ms":18,"over50Ms":0},"list.build.slice":{"calls":2485,"totalMs":8571.422,"maxMs":161.757,"totalUnits":5502300,"maxUnits":7168,"over2Ms":2435,"over10Ms":85,"over50Ms":3},"list.build.yieldWait":{"calls":2435,"totalMs":1930.869,"maxMs":55.605,"totalUnits":0,"maxUnits":0,"over2Ms":166,"over10Ms":38,"over50Ms":1},"relations.index.step":{"calls":7050,"totalMs":1743.865,"maxMs":28.249,"totalUnits":1800000,"maxUnits":256,"over2Ms":154,"over10Ms":9,"over50Ms":0},"relations.missing.step":{"calls":200,"totalMs":49.311,"maxMs":9.129,"totalUnits":51150,"maxUnits":256,"over2Ms":4,"over10Ms":0,"over50Ms":0},"relations.pairs.step":{"calls":200,"totalMs":2188.757,"maxMs":161.757,"totalUnits":51150,"maxUnits":256,"over2Ms":200,"over10Ms":49,"over50Ms":3},"list.display.step":{"calls":7050,"totalMs":1824.394,"maxMs":10.728,"totalUnits":1800000,"maxUnits":256,"over2Ms":103,"over10Ms":2,"over50Ms":0},"list.build.step":{"calls":50,"totalMs":1.694,"maxMs":0.122,"totalUnits":0,"maxUnits":0,"over2Ms":0,"over10Ms":0,"over50Ms":0},"list.sort.step":{"calls":75400,"totalMs":3990.803,"maxMs":24.927,"totalUnits":19237350,"maxUnits":256,"over2Ms":230,"over10Ms":4,"over50Ms":0},"list.sort.slice":{"calls":1739,"totalMs":4250.103,"maxMs":25.307,"totalUnits":19237350,"maxUnits":39841,"over2Ms":1689,"over10Ms":6,"over50Ms":0},"list.sort.yieldWait":{"calls":1689,"totalMs":914.378,"maxMs":114.127,"totalUnits":0,"maxUnits":0,"over2Ms":67,"over10Ms":8,"over50Ms":1},"stats.profile.step":{"calls":7050,"totalMs":3387.5,"maxMs":28.662,"totalUnits":1800000,"maxUnits":256,"over2Ms":173,"over10Ms":7,"over50Ms":0},"stats.reduce.slice":{"calls":2903,"totalMs":7579.155,"maxMs":28.663,"totalUnits":3600000,"maxUnits":2048,"over2Ms":2853,"over10Ms":18,"over50Ms":0},"stats.reduce.yieldWait":{"calls":2853,"totalMs":1930.98,"maxMs":93.797,"totalUnits":0,"maxUnits":0,"over2Ms":189,"over10Ms":21,"over50Ms":2},"stats.count.step":{"calls":7050,"totalMs":3882.133,"maxMs":27.498,"totalUnits":1800000,"maxUnits":256,"over2Ms":204,"over10Ms":7,"over50Ms":0},"stats.reduce.step":{"calls":50,"totalMs":0.177,"maxMs":0.008,"totalUnits":0,"maxUnits":0,"over2Ms":0,"over10Ms":0,"over50Ms":0}},"workTimeline":{"eventLoop.tickGap":[{"startMs":270171.009049,"endMs":270361.203858,"ms":190.1948090000078,"units":0},{"startMs":303699.896233,"endMs":303875.51167,"ms":175.61543700000038,"units":0},{"startMs":298398.200535,"endMs":298571.510035,"ms":173.30949999997392,"units":0},{"startMs":278162.707645,"endMs":278330.19281,"ms":167.48516499996185,"units":0},{"startMs":341403.549382,"endMs":341567.050332,"ms":163.50095000001602,"units":0},{"startMs":341250.377694,"endMs":341403.549382,"ms":153.17168799997307,"units":0},{"startMs":265394.277826,"endMs":265536.955347,"ms":142.67752099997597,"units":0},{"startMs":317005.466538,"endMs":317145.52474,"ms":140.05820200004382,"units":0},{"startMs":319041.713202,"endMs":319174.273895,"ms":132.56069299997762,"units":0},{"startMs":263300.157612,"endMs":263423.586249,"ms":123.42863699997542,"units":0},{"startMs":293688.865736,"endMs":293812.209652,"ms":123.34391599998344,"units":0},{"startMs":283442.675157,"endMs":283554.059623,"ms":111.3844659999595,"units":0},{"startMs":314722.310183,"endMs":314830.512473,"ms":108.20228999998653,"units":0},{"startMs":308140.300519,"endMs":308248.069524,"ms":107.7690050000092,"units":0},{"startMs":300682.525239,"endMs":300787.212001,"ms":104.68676200002665,"units":0},{"startMs":275886.688078,"endMs":275990.650401,"ms":103.9623230000143,"units":0},{"startMs":294382.355245,"endMs":294484.354016,"ms":101.99877100001322,"units":0},{"startMs":325587.966868,"endMs":325683.018161,"ms":95.0512929999968,"units":0},{"startMs":271895.332754,"endMs":271987.905592,"ms":92.57283800002187,"units":0},{"startMs":296384.213814,"endMs":296474.800427,"ms":90.58661299996311,"units":0},{"startMs":319375.233055,"endMs":319452.777236,"ms":77.54418099997565,"units":0},{"startMs":288182.092382,"endMs":288257.79591,"ms":75.70352799998363,"units":0},{"startMs":335792.557142,"endMs":335867.525263,"ms":74.96812099998351,"units":0},{"startMs":270063.404775,"endMs":270138.351768,"ms":74.94699299999047,"units":0},{"startMs":293277.188599,"endMs":293350.997928,"ms":73.80932900001062,"units":0},{"startMs":292618.470305,"endMs":292686.609687,"ms":68.13938199996483,"units":0},{"startMs":343672.268411,"endMs":343737.995431,"ms":65.72701999999117,"units":0},{"startMs":362417.492656,"endMs":362481.011408,"ms":63.51875200000359,"units":0},{"startMs":352429.593923,"endMs":352492.494628,"ms":62.900705000036396,"units":0},{"startMs":348886.457288,"endMs":348948.891506,"ms":62.43421800003853,"units":0},{"startMs":275187.676383,"endMs":275250.09038,"ms":62.41399700002512,"units":0},{"startMs":262856.621266,"endMs":262918.70012,"ms":62.07885400002124,"units":0}],"pg.fetch.wall":[{"startMs":261721.290784,"endMs":261977.85356,"ms":256.562775999977,"units":512},{"startMs":270157.869276,"endMs":270357.053805,"ms":199.1845289999619,"units":1024},{"startMs":284633.549911,"endMs":284827.414983,"ms":193.86507200001506,"units":512},{"startMs":344518.038673,"endMs":344693.069678,"ms":175.0310049999971,"units":512},{"startMs":318046.662723,"endMs":318210.54257,"ms":163.8798470000038,"units":512},{"startMs":309670.109964,"endMs":309825.875164,"ms":155.76520000002347,"units":512},{"startMs":311824.756442,"endMs":311974.339708,"ms":149.58326600003056,"units":512},{"startMs":286777.417512,"endMs":286926.657213,"ms":149.23970099998405,"units":512},{"startMs":356692.65024,"endMs":356837.453744,"ms":144.80350400001043,"units":512},{"startMs":268691.605455,"endMs":268835.469156,"ms":143.86370099999476,"units":512},{"startMs":295239.950811,"endMs":295381.43987,"ms":141.489058999985,"units":512},{"startMs":304860.70889,"endMs":305002.001655,"ms":141.29276499996195,"units":512},{"startMs":282300.541488,"endMs":282441.287668,"ms":140.74617999995826,"units":512},{"startMs":349755.819708,"endMs":349894.685678,"ms":138.86596999998437,"units":512},{"startMs":330655.829384,"endMs":330794.370694,"ms":138.54131000000052,"units":512},{"startMs":274750.875942,"endMs":274887.5544,"ms":136.6784580000094,"units":512},{"startMs":324559.836451,"endMs":324696.265513,"ms":136.42906200001016,"units":512},{"startMs":328692.868536,"endMs":328827.961484,"ms":135.09294800000498,"units":512},{"startMs":340576.327535,"endMs":340709.713808,"ms":133.38627299998188,"units":512},{"startMs":336849.057919,"endMs":336979.391809,"ms":130.33389000000898,"units":512},{"startMs":332808.275486,"endMs":332934.635516,"ms":126.36002999998163,"units":512},{"startMs":299648.196198,"endMs":299774.475522,"ms":126.27932400000282,"units":512},{"startMs":334801.497356,"endMs":334927.283835,"ms":125.78647900000215,"units":512},{"startMs":358491.400379,"endMs":358615.52631,"ms":124.12593099998776,"units":512},{"startMs":347779.45824,"endMs":347903.267846,"ms":123.80960599996615,"units":512},{"startMs":280092.727797,"endMs":280216.382388,"ms":123.65459099999862,"units":512},{"startMs":351625.637475,"endMs":351748.076506,"ms":122.43903100001626,"units":512},{"startMs":313875.570002,"endMs":313995.594388,"ms":120.0243860000046,"units":512},{"startMs":301838.856673,"endMs":301958.638037,"ms":119.78136400005314,"units":512},{"startMs":322637.711913,"endMs":322755.048636,"ms":117.336723000044,"units":512},{"startMs":353247.450304,"endMs":353363.446823,"ms":115.99651899997843,"units":512},{"startMs":273060.568185,"endMs":273174.981041,"ms":114.41285600000992,"units":512}],"gc.pause":[{"startMs":319062.526912,"endMs":319162.05728509644,"ms":99.53037309646606,"units":0},{"startMs":300688.747878,"endMs":300780.6359428613,"ms":91.88806486129761,"units":0},{"startMs":270266.885513,"endMs":270356.29713385535,"ms":89.41162085533142,"units":0},{"startMs":292618.751928,"endMs":292680.6320740266,"ms":61.88014602661133,"units":0},{"startMs":278271.952066,"endMs":278328.672466095,"ms":56.72040009498596,"units":0},{"startMs":348892.257117,"endMs":348948.279528108,"ms":56.02241110801697,"units":0},{"startMs":275193.160598,"endMs":275244.0653540692,"ms":50.90475606918335,"units":0},{"startMs":362427.200813,"endMs":362476.7596918986,"ms":49.558878898620605,"units":0},{"startMs":262163.85578,"endMs":262208.6632689183,"ms":44.80748891830444,"units":0},{"startMs":294527.626166,"endMs":294572.1910928627,"ms":44.564926862716675,"units":0},{"startMs":305185.708286,"endMs":305229.2968899734,"ms":43.58860397338867,"units":0},{"startMs":310471.396128,"endMs":310514.23946410534,"ms":42.84333610534668,"units":0},{"startMs":286065.896539,"endMs":286107.99556305737,"ms":42.099024057388306,"units":0},{"startMs":312519.11541,"endMs":312560.2225660383,"ms":41.1071560382843,"units":0},{"startMs":333212.00369,"endMs":333250.9962060408,"ms":38.992516040802,"units":0},{"startMs":262872.909958,"endMs":262911.58529579145,"ms":38.67533779144287,"units":0},{"startMs":271410.848864,"endMs":271447.6948520352,"ms":36.845988035202026,"units":0},{"startMs":316234.877755,"endMs":316271.6561260957,"ms":36.77837109565735,"units":0},{"startMs":284914.84016,"endMs":284950.7504349825,"ms":35.91027498245239,"units":0},{"startMs":282864.091035,"endMs":282899.96272384276,"ms":35.87168884277344,"units":0},{"startMs":355521.486352,"endMs":355557.0823970172,"ms":35.59604501724243,"units":0},{"startMs":332611.74109,"endMs":332646.71506995,"ms":34.97397994995117,"units":0},{"startMs":287505.580875,"endMs":287540.5210531559,"ms":34.94017815589905,"units":0},{"startMs":330991.707084,"endMs":331026.09395605314,"ms":34.38687205314636,"units":0},{"startMs":341508.103903,"endMs":341542.1240229055,"ms":34.0201199054718,"units":0},{"startMs":307225.888,"endMs":307259.79781602666,"ms":33.90981602668762,"units":0},{"startMs":287128.391931,"endMs":287162.18292302155,"ms":33.79099202156067,"units":0},{"startMs":324876.409886,"endMs":324909.97506487113,"ms":33.565178871154785,"units":0},{"startMs":357021.517743,"endMs":357054.47808683774,"ms":32.96034383773804,"units":0},{"startMs":302672.907507,"endMs":302705.726531086,"ms":32.819024085998535,"units":0},{"startMs":279710.417702,"endMs":279742.7557590412,"ms":32.33805704116821,"units":0},{"startMs":312191.186511,"endMs":312223.22271295387,"ms":32.03620195388794,"units":0}],"pg.fetch.yieldWait":[{"startMs":279706.109956,"endMs":279743.328055,"ms":37.218098999990616,"units":0},{"startMs":312191.102728,"endMs":312223.723881,"ms":32.6211529999855,"units":0},{"startMs":309893.180148,"endMs":309923.886104,"ms":30.70595599996159,"units":0},{"startMs":302205.908279,"endMs":302235.590547,"ms":29.68226799997501,"units":0},{"startMs":351868.71619,"endMs":351898.132193,"ms":29.41600299999118,"units":0},{"startMs":327917.599122,"endMs":327945.293493,"ms":27.694370999990497,"units":0},{"startMs":292013.653017,"endMs":292041.192056,"ms":27.539038999995682,"units":0},{"startMs":360178.822101,"endMs":360205.182277,"ms":26.360175999987405,"units":0},{"startMs":347993.477305,"endMs":348019.301806,"ms":25.824500999995507,"units":0},{"startMs":295463.87211,"endMs":295489.112475,"ms":25.24036499997601,"units":0},{"startMs":266413.634164,"endMs":266436.374614,"ms":22.740449999982957,"units":0}]},"measurementClock":{"timeOrigin":1790432689167.075,"startMs":260468.395224,"endMs":366017.960447},"processCpu":{"userMs":50870.037,"systemMs":7495.172,"wallMs":105549.56522299998},"idleRoundTripMs":{"samples":10,"p50":3.9642000000167172,"max":9.92738300000201},"resultSignature":"b1a872a9e9aa4c7494129d315fcb89bc043d72db39d5bfa8506b93c35169cbf7","stageP95Ms":{"prepare_ms":1,"sql_ms":686,"preload_ms":396,"profile_ms":168,"relations_ms":194,"display_ms":105,"sort_ms":261,"preload_page_ms":79,"hydrate_ms":125,"stats_ms":1374.3957679999876,"stats_status_ms":14,"stats_candidates_ms":876,"stats_normalize_ms":43,"stats_auxiliary_ms":376,"stats_inputs_ms":1110,"stats_reuse_inputs_ms":0,"stats_provider_ms":1,"stats_profile_sync_ms":119.92746099986834,"stats_count_sync_ms":128.74202900007367,"stats_reduce_ms":359.2707609999925},"p50Ms":2040.0783909999882,"p95Ms":3096.8470710000256,"maxMs":3176.94678800003,"lagP99Ms":39.223295,"lagMaxMs":190.185471,"rssPeakBytes":585183232,"heapPeakBytes":347612840,"queryCount":{"min":96,"p50":96,"max":96},"transactionStatements":{"min":4,"max":4},"errorCount":0,"timeoutCount":0,"errors":[],"ciSmokePassed":true,"lagTargetMet":false,"nasLatencyPassed":false,"contentStore":{"rows":36000,"bytes":55525548,"maxRows":50000,"maxBytes":67108864}}
PRB-PERF-CASE {"scope":"all","concurrency":4,"requests":50,"coldMs":4042.143396999978,"expected":{"matched":34977,"total":36000,"dbTotal":120000,"pageIds":[900300001,900301025,900301026,900301027,900301028,900301029,900301030,900301031,900301032,900301033,900301034,900301035,900301036,900301037,900301038,900301039,900301040,900301041,900301042,900301043,900301044,900301045,900301046,900301047,900301048,900301049,900301050,900301051,900301052,900301053,900301054,900301055,900301056,900301057,900301058,900301059,900301060,900301061,900301062,900301063,900301064,900301065,900301066,900301067,900301068,900301069,900301070,900301071,900301072,900301073]},"workDiagnostics":{"pg.query.submitSync":{"calls":1250,"totalMs":819.597,"maxMs":14.652,"totalUnits":0,"maxUnits":0,"over2Ms":78,"over10Ms":2,"over50Ms":0},"pg.query.wall":{"calls":1250,"totalMs":13993.517,"maxMs":172.956,"totalUnits":8250,"maxUnits":51,"over2Ms":1227,"over10Ms":527,"over50Ms":12},"eventLoop.tickGap":{"calls":4126,"totalMs":68247.76,"maxMs":238.268,"totalUnits":0,"maxUnits":0,"over2Ms":4126,"over10Ms":3810,"over50Ms":70},"pg.declare.submitSync":{"calls":100,"totalMs":81.743,"maxMs":7.729,"totalUnits":0,"maxUnits":0,"over2Ms":10,"over10Ms":0,"over50Ms":0},"pg.declare.wall":{"calls":100,"totalMs":1584.13,"maxMs":66.89,"totalUnits":0,"maxUnits":0,"over2Ms":100,"over10Ms":59,"over50Ms":4},"pg.fetch.submitSync":{"calls":3600,"totalMs":1899.021,"maxMs":12.302,"totalUnits":0,"maxUnits":0,"over2Ms":211,"over10Ms":1,"over50Ms":0},"pg.fetch.wall":{"calls":3600,"totalMs":93083.345,"maxMs":569.029,"totalUnits":3600000,"maxUnits":1024,"over2Ms":3600,"over10Ms":3121,"over50Ms":223},"stats.content.lookup.step":{"calls":8850,"totalMs":3685.459,"maxMs":98.971,"totalUnits":1800000,"maxUnits":256,"over2Ms":262,"over10Ms":12,"over50Ms":1},"stats.content.lookup.slice":{"calls":2317,"totalMs":3858.151,"maxMs":98.973,"totalUnits":1800000,"maxUnits":1024,"over2Ms":530,"over10Ms":13,"over50Ms":1},"pg.consumeValues.wall":{"calls":1800,"totalMs":7171.88,"maxMs":340.43,"totalUnits":1800000,"maxUnits":1024,"over2Ms":591,"over10Ms":133,"over50Ms":6},"pg.fetch.yieldWait":{"calls":3500,"totalMs":18780.952,"maxMs":145.642,"totalUnits":0,"maxUnits":0,"over2Ms":2519,"over10Ms":393,"over50Ms":13},"stats.content.lookup.yieldWait":{"calls":530,"totalMs":2931.415,"maxMs":142.129,"totalUnits":0,"maxUnits":0,"over2Ms":326,"over10Ms":65,"over50Ms":7},"gc.pause":{"calls":384,"totalMs":5779.914,"maxMs":136.221,"totalUnits":0,"maxUnits":0,"over2Ms":384,"over10Ms":197,"over50Ms":13},"stats.normalize.step":{"calls":7100,"totalMs":637.179,"maxMs":19.739,"totalUnits":1800000,"maxUnits":256,"over2Ms":55,"over10Ms":3,"over50Ms":0},"stats.normalize.slice":{"calls":260,"totalMs":665.2,"maxMs":19.928,"totalUnits":1800000,"maxUnits":14848,"over2Ms":211,"over10Ms":3,"over50Ms":0},"stats.normalize.yieldWait":{"calls":211,"totalMs":1740.747,"maxMs":183.3,"totalUnits":0,"maxUnits":0,"over2Ms":150,"over10Ms":33,"over50Ms":5},"pg.countListings.submitSync":{"calls":50,"totalMs":31.442,"maxMs":4.453,"totalUnits":0,"maxUnits":0,"over2Ms":5,"over10Ms":0,"over50Ms":0},"pg.countListings.wall":{"calls":50,"totalMs":12105.46,"maxMs":670.189,"totalUnits":50,"maxUnits":1,"over2Ms":50,"over10Ms":50,"over50Ms":50},"pg.appendRows.sync":{"calls":1800,"totalMs":206.632,"maxMs":6.577,"totalUnits":1800000,"maxUnits":1024,"over2Ms":20,"over10Ms":0,"over50Ms":0},"cooperative.step":{"calls":21250,"totalMs":3562.529,"maxMs":17.992,"totalUnits":3600000,"maxUnits":256,"over2Ms":278,"over10Ms":4,"over50Ms":0},"cooperative.slice":{"calls":1432,"totalMs":3690.95,"maxMs":18.409,"totalUnits":3600000,"maxUnits":10496,"over2Ms":1282,"over10Ms":6,"over50Ms":0},"cooperative.yieldWait":{"calls":1282,"totalMs":11711.695,"maxMs":114.692,"totalUnits":0,"maxUnits":0,"over2Ms":1209,"over10Ms":327,"over50Ms":10},"preload.ids.step":{"calls":7100,"totalMs":3420.663,"maxMs":20.938,"totalUnits":1792000,"maxUnits":256,"over2Ms":276,"over10Ms":17,"over50Ms":0},"preload.ids.slice":{"calls":1205,"totalMs":3512.976,"maxMs":21.59,"totalUnits":1792000,"maxUnits":4352,"over2Ms":1109,"over10Ms":25,"over50Ms":0},"preload.ids.yieldWait":{"calls":1109,"totalMs":9786.507,"maxMs":108.981,"totalUnits":0,"maxUnits":0,"over2Ms":1045,"over10Ms":284,"over50Ms":7},"preload.relations.step":{"calls":7100,"totalMs":423.676,"maxMs":7.177,"totalUnits":1792000,"maxUnits":256,"over2Ms":22,"over10Ms":0,"over50Ms":0},"preload.relations.slice":{"calls":263,"totalMs":446.429,"maxMs":8.87,"totalUnits":1792000,"maxUnits":15872,"over2Ms":164,"over10Ms":0,"over50Ms":0},"preload.relations.yieldWait":{"calls":164,"totalMs":1368.781,"maxMs":32.877,"totalUnits":0,"maxUnits":0,"over2Ms":154,"over10Ms":42,"over50Ms":0},"preload.prepIds.step":{"calls":7100,"totalMs":665.553,"maxMs":6.026,"totalUnits":1792000,"maxUnits":256,"over2Ms":36,"over10Ms":0,"over50Ms":0},"preload.prepIds.slice":{"calls":373,"totalMs":696.243,"maxMs":7.171,"totalUnits":1792000,"maxUnits":13568,"over2Ms":273,"over10Ms":0,"over50Ms":0},"preload.prepIds.yieldWait":{"calls":273,"totalMs":2338.793,"maxMs":55.328,"totalUnits":0,"maxUnits":0,"over2Ms":247,"over10Ms":75,"over50Ms":1},"preload.extras.step":{"calls":7200,"totalMs":1070.29,"maxMs":13.797,"totalUnits":1802500,"maxUnits":256,"over2Ms":224,"over10Ms":2,"over50Ms":0},"preload.extras.slice":{"calls":450,"totalMs":1094.479,"maxMs":14.783,"totalUnits":1802500,"maxUnits":15104,"over2Ms":351,"over10Ms":2,"over50Ms":0},"preload.extras.yieldWait":{"calls":351,"totalMs":3339.804,"maxMs":92.51,"totalUnits":0,"maxUnits":0,"over2Ms":325,"over10Ms":106,"over50Ms":4},"preload.routes.step":{"calls":7100,"totalMs":663.64,"maxMs":82.814,"totalUnits":1792000,"maxUnits":256,"over2Ms":31,"over10Ms":1,"over50Ms":1},"preload.routes.slice":{"calls":329,"totalMs":690.799,"maxMs":83.089,"totalUnits":1792000,"maxUnits":10496,"over2Ms":229,"over10Ms":1,"over50Ms":1},"preload.routes.yieldWait":{"calls":229,"totalMs":2104.977,"maxMs":70.937,"totalUnits":0,"maxUnits":0,"over2Ms":216,"over10Ms":59,"over50Ms":2},"list.profile.step":{"calls":7050,"totalMs":2096.949,"maxMs":29.934,"totalUnits":1800000,"maxUnits":256,"over2Ms":110,"over10Ms":9,"over50Ms":0},"list.build.slice":{"calls":2313,"totalMs":7403.732,"maxMs":29.935,"totalUnits":5502300,"maxUnits":6912,"over2Ms":2265,"over10Ms":58,"over50Ms":0},"list.build.yieldWait":{"calls":2265,"totalMs":22859.099,"maxMs":142.016,"totalUnits":0,"maxUnits":0,"over2Ms":2145,"over10Ms":746,"over50Ms":21},"relations.index.step":{"calls":7050,"totalMs":1730.149,"maxMs":14.264,"totalUnits":1800000,"maxUnits":256,"over2Ms":161,"over10Ms":3,"over50Ms":0},"relations.missing.step":{"calls":200,"totalMs":32.466,"maxMs":1.266,"totalUnits":51150,"maxUnits":256,"over2Ms":0,"over10Ms":0,"over50Ms":0},"relations.pairs.step":{"calls":200,"totalMs":1662.691,"maxMs":20.419,"totalUnits":51150,"maxUnits":256,"over2Ms":200,"over10Ms":35,"over50Ms":0},"list.display.step":{"calls":7050,"totalMs":1670.901,"maxMs":17.638,"totalUnits":1800000,"maxUnits":256,"over2Ms":106,"over10Ms":3,"over50Ms":0},"list.build.step":{"calls":50,"totalMs":1.553,"maxMs":0.182,"totalUnits":0,"maxUnits":0,"over2Ms":0,"over10Ms":0,"over50Ms":0},"list.sort.step":{"calls":75400,"totalMs":3371.756,"maxMs":20.419,"totalUnits":19237350,"maxUnits":256,"over2Ms":177,"over10Ms":5,"over50Ms":0},"list.sort.slice":{"calls":1507,"totalMs":3598.373,"maxMs":20.419,"totalUnits":19237350,"maxUnits":40770,"over2Ms":1457,"over10Ms":5,"over50Ms":0},"list.sort.yieldWait":{"calls":1457,"totalMs":12812.827,"maxMs":147.569,"totalUnits":0,"maxUnits":0,"over2Ms":1358,"over10Ms":365,"over50Ms":11},"stats.profile.step":{"calls":7050,"totalMs":3221.129,"maxMs":37.431,"totalUnits":1800000,"maxUnits":256,"over2Ms":163,"over10Ms":12,"over50Ms":0},"stats.count.step":{"calls":7050,"totalMs":3719.037,"maxMs":126.741,"totalUnits":1800000,"maxUnits":256,"over2Ms":177,"over10Ms":10,"over50Ms":1},"stats.reduce.slice":{"calls":2729,"totalMs":7207.21,"maxMs":126.741,"totalUnits":3600000,"maxUnits":2048,"over2Ms":2679,"over10Ms":24,"over50Ms":1},"stats.reduce.yieldWait":{"calls":2679,"totalMs":23943.768,"maxMs":216.167,"totalUnits":0,"maxUnits":0,"over2Ms":2508,"over10Ms":716,"over50Ms":27},"stats.reduce.step":{"calls":50,"totalMs":0.172,"maxMs":0.011,"totalUnits":0,"maxUnits":0,"over2Ms":0,"over10Ms":0,"over50Ms":0}},"workTimeline":{"pg.fetch.wall":[{"startMs":451307.765579,"endMs":451876.795026,"ms":569.0294470000081,"units":512},{"startMs":399822.372213,"endMs":400383.853708,"ms":561.4814949999563,"units":512},{"startMs":399944.424417,"endMs":400495.583952,"ms":551.1595350000425,"units":512},{"startMs":428801.938503,"endMs":429349.659087,"ms":547.7205839999951,"units":512},{"startMs":457266.65579,"endMs":457804.169369,"ms":537.5135790000204,"units":512},{"startMs":428318.261088,"endMs":428803.689107,"ms":485.4280189999845,"units":512},{"startMs":411546.660089,"endMs":412026.809302,"ms":480.14921299996786,"units":512},{"startMs":417031.17436,"endMs":417462.088621,"ms":430.9142609999981,"units":512},{"startMs":422913.966432,"endMs":423299.378906,"ms":385.41247400001157,"units":512},{"startMs":457316.539174,"endMs":457695.599237,"ms":379.0600630000117,"units":512},{"startMs":434425.79008,"endMs":434802.239983,"ms":376.4499029999715,"units":512},{"startMs":440697.539311,"endMs":441067.214255,"ms":369.6749440000276,"units":512},{"startMs":410374.954157,"endMs":410717.060895,"ms":342.1067380000022,"units":512},{"startMs":463002.976879,"endMs":463340.007472,"ms":337.03059300000314,"units":512},{"startMs":400060.874971,"endMs":400394.866677,"ms":333.9917060000007,"units":512},{"startMs":405803.069789,"endMs":406121.463062,"ms":318.3932730000233,"units":512},{"startMs":410925.799901,"endMs":411220.270394,"ms":294.4704930000007,"units":512},{"startMs":434779.523653,"endMs":435073.249251,"ms":293.72559799999,"units":512},{"startMs":451891.929809,"endMs":452173.192028,"ms":281.26221900002565,"units":512},{"startMs":423211.507706,"endMs":423489.863466,"ms":278.35576000000583,"units":512},{"startMs":411939.744362,"endMs":412217.18088,"ms":277.43651799997315,"units":512},{"startMs":463666.625078,"endMs":463936.913127,"ms":270.2880489999661,"units":512},{"startMs":440851.199641,"endMs":441119.050057,"ms":267.85041600000113,"units":512},{"startMs":440791.658694,"endMs":441058.540706,"ms":266.8820120000164,"units":512},{"startMs":427179.907752,"endMs":427445.314224,"ms":265.4064719999442,"units":512},{"startMs":414834.90108,"endMs":415098.0856,"ms":263.1845200000098,"units":1024},{"startMs":429108.429959,"endMs":429366.994524,"ms":258.56456500000786,"units":1024},{"startMs":441317.07406,"endMs":441569.831659,"ms":252.75759900000412,"units":512},{"startMs":421618.909607,"endMs":421867.549559,"ms":248.63995199999772,"units":512},{"startMs":435098.997444,"endMs":435342.349047,"ms":243.35160300001735,"units":512},{"startMs":458243.441823,"endMs":458483.860872,"ms":240.41904900001828,"units":512},{"startMs":446389.025809,"endMs":446619.648836,"ms":230.62302699999418,"units":512}],"pg.fetch.yieldWait":[{"startMs":422090.585613,"endMs":422236.227534,"ms":145.6419210000313,"units":0},{"startMs":436697.997471,"endMs":436806.911537,"ms":108.91406599996844,"units":0},{"startMs":421850.171022,"endMs":421947.491421,"ms":97.32039899996016,"units":0},{"startMs":422001.995221,"endMs":422090.63563,"ms":88.64040899998508,"units":0},{"startMs":415098.296989,"endMs":415181.707322,"ms":83.41033300000709,"units":0},{"startMs":426136.658034,"endMs":426216.198312,"ms":79.5402780000004,"units":0},{"startMs":421874.278249,"endMs":421947.895859,"ms":73.6176099999575,"units":0},{"startMs":428925.087417,"endMs":428987.508668,"ms":62.421251000021584,"units":0},{"startMs":428928.900018,"endMs":428989.529392,"ms":60.62937400001101,"units":0},{"startMs":444642.113268,"endMs":444693.804092,"ms":51.69082399999024,"units":0},{"startMs":400506.963292,"endMs":400558.078213,"ms":51.11492099997122,"units":0},{"startMs":440741.386867,"endMs":440792.400975,"ms":51.01410799997393,"units":0},{"startMs":461559.725179,"endMs":461610.417389,"ms":50.692210000008345,"units":0},{"startMs":463601.789996,"endMs":463651.732701,"ms":49.94270499999402,"units":0},{"startMs":444644.8724,"endMs":444694.338677,"ms":49.46627700002864,"units":0},{"startMs":463599.441892,"endMs":463648.889414,"ms":49.44752200000221,"units":0},{"startMs":420206.040527,"endMs":420251.812465,"ms":45.771938000048976,"units":0},{"startMs":436607.703735,"endMs":436652.796655,"ms":45.092920000024606,"units":0},{"startMs":420209.867701,"endMs":420252.29026,"ms":42.422558999969624,"units":0},{"startMs":426043.709602,"endMs":426086.075788,"ms":42.36618599999929,"units":0},{"startMs":457353.186884,"endMs":457394.983032,"ms":41.79614799999399,"units":0},{"startMs":435704.118375,"endMs":435741.620599,"ms":37.502223999996204,"units":0},{"startMs":417462.217704,"endMs":417497.949797,"ms":35.73209299996961,"units":0},{"startMs":404453.115006,"endMs":404488.30621,"ms":35.191204000031576,"units":0},{"startMs":435437.927718,"endMs":435473.028315,"ms":35.10059699998237,"units":0},{"startMs":415961.066451,"endMs":415996.084181,"ms":35.0177300000214,"units":0},{"startMs":423996.565921,"endMs":424031.49071,"ms":34.924789000011515,"units":0},{"startMs":451889.590491,"endMs":451924.442019,"ms":34.85152800002834,"units":0},{"startMs":430769.375253,"endMs":430803.573283,"ms":34.19802999997046,"units":0},{"startMs":436475.711828,"endMs":436509.440614,"ms":33.7287859999924,"units":0},{"startMs":429349.76313,"endMs":429383.390034,"ms":33.62690400000429,"units":0},{"startMs":408952.518777,"endMs":408985.913425,"ms":33.39464799995767,"units":0}],"gc.pause":[{"startMs":451964.322177,"endMs":452100.5431931686,"ms":136.22101616859436,"units":0},{"startMs":422101.222341,"endMs":422226.8045210232,"ms":125.58218002319336,"units":0},{"startMs":444179.246347,"endMs":444302.120038082,"ms":122.87369108200073,"units":0},{"startMs":459479.824386,"endMs":459581.3403059238,"ms":101.51591992378235,"units":0},{"startMs":429218.009774,"endMs":429316.50613716297,"ms":98.49636316299438,"units":0},{"startMs":407452.62274,"endMs":407547.9752020533,"ms":95.35246205329895,"units":0},{"startMs":436724.059028,"endMs":436806.698633999,"ms":82.63960599899292,"units":0},{"startMs":415192.346199,"endMs":415271.8137960078,"ms":79.46759700775146,"units":0},{"startMs":451561.540338,"endMs":451622.30599208706,"ms":60.76565408706665,"units":0},{"startMs":445653.936623,"endMs":445707.36460795294,"ms":53.427984952926636,"units":0},{"startMs":446083.405688,"endMs":446135.672564936,"ms":52.26687693595886,"units":0},{"startMs":451016.375755,"endMs":451066.9711179017,"ms":50.59536290168762,"units":0},{"startMs":400507.049665,"endMs":400557.6260600348,"ms":50.57639503479004,"units":0},{"startMs":404750.672622,"endMs":404799.62623814226,"ms":48.95361614227295,"units":0},{"startMs":463196.108472,"endMs":463244.17367280566,"ms":48.06520080566406,"units":0},{"startMs":440743.386682,"endMs":440791.2321350239,"ms":47.84545302391052,"units":0},{"startMs":428233.620735,"endMs":428280.5571301683,"ms":46.93639516830444,"units":0},{"startMs":440209.432209,"endMs":440256.04947303236,"ms":46.61726403236389,"units":0},{"startMs":410652.540339,"endMs":410696.2221269677,"ms":43.681787967681885,"units":0},{"startMs":457875.842589,"endMs":457917.68432078674,"ms":41.841731786727905,"units":0},{"startMs":457353.547142,"endMs":457394.50485012034,"ms":40.95770812034607,"units":0},{"startMs":463601.878054,"endMs":463642.354860879,"ms":40.47680687904358,"units":0},{"startMs":446497.848499,"endMs":446537.08262699837,"ms":39.23412799835205,"units":0},{"startMs":453087.981355,"endMs":453126.5754940991,"ms":38.594139099121094,"units":0},{"startMs":405104.872629,"endMs":405141.24230916623,"ms":36.36968016624451,"units":0},{"startMs":462506.40303,"endMs":462542.7467161038,"ms":36.3436861038208,"units":0},{"startMs":399548.683227,"endMs":399581.79347008205,"ms":33.11024308204651,"units":0},{"startMs":435704.26601,"endMs":435736.6488968866,"ms":32.38288688659668,"units":0},{"startMs":434015.20731,"endMs":434047.2467799574,"ms":32.039469957351685,"units":0},{"startMs":411123.119221,"endMs":411154.4069440644,"ms":31.287723064422607,"units":0},{"startMs":424545.135253,"endMs":424575.9265430448,"ms":30.791290044784546,"units":0},{"startMs":399220.283088,"endMs":399250.73899415275,"ms":30.45590615272522,"units":0}],"eventLoop.tickGap":[{"startMs":415033.707456,"endMs":415271.97571,"ms":238.26825400005328,"units":0},{"startMs":429114.549489,"endMs":429347.700326,"ms":233.15083699999377,"units":0},{"startMs":414835.489036,"endMs":415033.707456,"ms":198.21841999999015,"units":0},{"startMs":451924.951776,"endMs":452118.079835,"ms":193.12805900000967,"units":0},{"startMs":451622.923333,"endMs":451810.814691,"ms":187.8913579999935,"units":0},{"startMs":444122.387568,"endMs":444302.695296,"ms":180.30772799998522,"units":0},{"startMs":436656.130643,"endMs":436807.434479,"ms":151.3038359999773,"units":0},{"startMs":422100.422492,"endMs":422243.92736,"ms":143.50486799998907,"units":0},{"startMs":421968.665492,"endMs":422100.422492,"ms":131.75699999998324,"units":0},{"startMs":428990.350617,"endMs":429114.549489,"ms":124.19887199997902,"units":0},{"startMs":459479.404793,"endMs":459598.776336,"ms":119.37154299998656,"units":0},{"startMs":407452.310454,"endMs":407568.548387,"ms":116.2379329999676,"units":0},{"startMs":421853.449322,"endMs":421968.665492,"ms":115.2161700000288,"units":0},{"startMs":436404.515465,"endMs":436510.110853,"ms":105.5953880000161,"units":0},{"startMs":436552.202571,"endMs":436656.130643,"ms":103.92807200003881,"units":0},{"startMs":454832.250732,"endMs":454927.483828,"ms":95.23309600003995,"units":0},{"startMs":450073.323381,"endMs":450166.023652,"ms":92.7002709999797,"units":0},{"startMs":417370.83587,"endMs":417460.589669,"ms":89.75379899999825,"units":0},{"startMs":424511.366731,"endMs":424600.015604,"ms":88.64887299999828,"units":0},{"startMs":420199.69756,"endMs":420283.684347,"ms":83.98678699997254,"units":0},{"startMs":426136.733138,"endMs":426219.204492,"ms":82.47135399997933,"units":0},{"startMs":402988.844505,"endMs":403069.47272,"ms":80.62821500003338,"units":0},{"startMs":451810.814691,"endMs":451890.100658,"ms":79.28596700000344,"units":0},{"startMs":433987.710588,"endMs":434062.794745,"ms":75.08415700000478,"units":0},{"startMs":444047.690466,"endMs":444122.387568,"ms":74.69710200000554,"units":0},{"startMs":448607.247578,"endMs":448681.851615,"ms":74.60403699998278,"units":0},{"startMs":427316.31719,"endMs":427390.372924,"ms":74.05573400005233,"units":0},{"startMs":420029.177949,"endMs":420102.236549,"ms":73.05860000004759,"units":0},{"startMs":403111.561698,"endMs":403183.208732,"ms":71.64703400002327,"units":0},{"startMs":443327.422029,"endMs":443398.448349,"ms":71.02632000000449,"units":0},{"startMs":432106.079047,"endMs":432176.403396,"ms":70.32434900000226,"units":0},{"startMs":449541.318255,"endMs":449611.108204,"ms":69.78994899999816,"units":0}]},"measurementClock":{"timeOrigin":1790432689167.075,"startMs":398380.529296,"endMs":466610.947967},"processCpu":{"userMs":44606.372,"systemMs":5775.451,"wallMs":68230.41867099999},"idleRoundTripMs":{"samples":10,"p50":1.801967000006698,"max":6.13185100001283},"resultSignature":"b1a872a9e9aa4c7494129d315fcb89bc043d72db39d5bfa8506b93c35169cbf7","stageP95Ms":{"prepare_ms":2,"sql_ms":1791,"preload_ms":799,"profile_ms":490,"relations_ms":346,"display_ms":280,"sort_ms":508,"preload_page_ms":146,"hydrate_ms":66,"stats_ms":2931.852445000026,"stats_status_ms":31,"stats_candidates_ms":1783,"stats_normalize_ms":72,"stats_auxiliary_ms":568,"stats_inputs_ms":2166,"stats_reuse_inputs_ms":0,"stats_provider_ms":0,"stats_profile_sync_ms":98.31997300003422,"stats_count_sync_ms":104.2000260000932,"stats_reduce_ms":988.5457549999701},"p50Ms":5554.638411000022,"p95Ms":6080.448226000008,"maxMs":6095.7033130000345,"lagP99Ms":63.307775,"lagMaxMs":238.419967,"rssPeakBytes":817778688,"heapPeakBytes":586697400,"queryCount":{"min":96,"p50":96,"max":96},"transactionStatements":{"min":4,"max":4},"errorCount":0,"timeoutCount":0,"errors":[],"ciSmokePassed":null,"lagTargetMet":false,"nasLatencyPassed":false,"contentStore":{"rows":36000,"bytes":55525548,"maxRows":50000,"maxBytes":67108864}}
PRB-PERF-RESULT NAS_ACCEPTANCE_FAIL /out/prb-search-benchmark.json
